"TimePeriod","GeoTypeDesc","GeoID","GeoRank","BoroID","Borough","Geography","Area","Number","Estimated annual rate per 10,000","Age-adjusted rate per 10,000"
"2022","Citywide","1","0","-","-","New York City","New York City","35,778","53.6","54.9"
"2022","Borough","1","1","1","Bronx","Bronx","Bronx","11,850","113.2","114.0"
"2022","Borough","2","1","2","Brooklyn","Brooklyn","Brooklyn","10,351","51.2","52.4"
"2022","Borough","3","1","3","Manhattan","Manhattan","Manhattan","6,700","48.8","50.1"
"2022","Borough","5","1","5","Staten Island","Staten Island","Staten Island","1,398","36.1","38.2"
"2022","Borough","4","1","4","Queens","Queens","Queens","5,479","29.8","31.1"
"2022","UHF 42","107","4","1","Bronx","Hunts Point - Mott Haven","Hunts Point - Mott Haven  Bronx","1,750","174.9","175.5"
"2022","UHF 42","106","4","1","Bronx","High Bridge - Morrisania","High Bridge - Morrisania  Bronx","2,457","159.8","160.1"
"2022","UHF 42","303","4","3","Manhattan","East Harlem","East Harlem  Manhattan","1,384","152.7","155.3"
"2022","UHF 42","105","4","1","Bronx","Crotona -Tremont","Crotona -Tremont  Bronx","2,337","154.5","153.8"
"2022","UHF 42","302","4","3","Manhattan","Central Harlem - Morningside Heights","Central Harlem - Morningside Heights  Manhattan","2,045","139.0","139.0"
"2022","UHF 42","204","4","2","Brooklyn","East New York","East New York  Brooklyn","1,403","94.5","95.1"
"2022","UHF 42","102","4","1","Bronx","Northeast Bronx","Northeast Bronx  Bronx","1,395","88.3","93.1"
"2022","UHF 42","203","4","2","Brooklyn","Bedford Stuyvesant - Crown Heights","Bedford Stuyvesant - Crown Heights  Brooklyn","2,414","89.8","90.9"
"2022","UHF 42","103","4","1","Bronx","Fordham - Bronx Pk","Fordham - Bronx Pk  Bronx","1,737","90.8","90.4"
"2022","UHF 42","211","4","2","Brooklyn","Williamsburg - Bushwick","Williamsburg - Bushwick  Brooklyn","1,429","84.5","86.7"
"2022","UHF 42","410","4","4","Queens","Rockaways","Rockaways  Queens","755","76.8","83.2"
"2022","UHF 42","501","4","5","Staten Island","Port Richmond","Port Richmond  Staten Island","421","78.6","79.2"
"2022","UHF 42","104","4","1","Bronx","Pelham - Throgs Neck","Pelham - Throgs Neck  Bronx","1,706","76.6","78.1"
"2022","UHF 42","207","4","2","Brooklyn","East Flatbush - Flatbush","East Flatbush - Flatbush  Brooklyn","1,589","68.1","70.5"
"2022","UHF 42","502","4","5","Staten Island","Stapleton - St. George","Stapleton - St. George  Staten Island","589","57.6","59.8"
"2022","UHF 42","208","4","2","Brooklyn","Canarsie - Flatlands","Canarsie - Flatlands  Brooklyn","829","51.2","54.6"
"2022","UHF 42","408","4","4","Queens","Jamaica","Jamaica  Queens","1,220","47.5","49.5"
"2022","UHF 42","301","4","3","Manhattan","Washington Heights","Washington Heights  Manhattan","983","44.7","45.1"
"2022","UHF 42","101","4","1","Bronx","Kingsbridge - Riverdale","Kingsbridge - Riverdale  Bronx","286","39.5","41.4"
"2022","UHF 42","202","4","2","Brooklyn","Downtown - Heights - Slope","Downtown - Heights - Slope  Brooklyn","762","35.8","38.0"
"2022","UHF 42","309","4","3","Manhattan","Union Square - Lower East Side","Union Square - Lower East Side  Manhattan","589","36.2","36.7"
"2022","UHF 42","306","4","3","Manhattan","Chelsea - Clinton","Chelsea - Clinton  Manhattan","455","32.3","33.6"
"2022","UHF 42","407","4","4","Queens","Southwest Queens","Southwest Queens  Queens","695","31.7","32.3"
"2022","UHF 42","409","4","4","Queens","Southeast Queens","Southeast Queens  Queens","525","30.1","31.8"
"2022","UHF 42","205","4","2","Brooklyn","Sunset Park","Sunset Park  Brooklyn","288","31.2","31.7"
"2022","UHF 42","401","4","4","Queens","Long Island City - Astoria","Long Island City - Astoria  Queens","514","30.6","31.6"
"2022","UHF 42","201","4","2","Brooklyn","Greenpoint","Greenpoint  Brooklyn","298","27.4","30.9"
"2022","UHF 42","210","4","2","Brooklyn","Coney Island - Sheepshead Bay","Coney Island - Sheepshead Bay  Brooklyn","615","26.6","29.3"
"2022","UHF 42","310","4","3","Manhattan","Lower Manhattan","Lower Manhattan  Manhattan","118","22.2","25.2"
"2022","UHF 42","304","4","3","Manhattan","Upper West Side","Upper West Side  Manhattan","416","22.3","24.5"
"2022","UHF 42","402","4","4","Queens","West Queens","West Queens  Queens","747","20.6","21.1"
"2022","UHF 42","503","4","5","Staten Island","Willowbrook","Willowbrook  Staten Island","149","19.6","21.0"
"2022","UHF 42","405","4","4","Queens","Ridgewood - Forest Hills","Ridgewood - Forest Hills  Queens","373","18.0","19.3"
"2022","UHF 42","406","4","4","Queens","Fresh Meadows","Fresh Meadows  Queens","136","17.7","18.9"
"2022","UHF 42","305","4","3","Manhattan","Upper East Side","Upper East Side  Manhattan","248","14.3","15.5"
"2022","UHF 42","504","4","5","Staten Island","South Beach - Tottenville","South Beach - Tottenville  Staten Island","222","14.3","15.1"
"2022","UHF 42","206","4","2","Brooklyn","Borough Park","Borough Park  Brooklyn","340","14.6","14.8"
"2022","UHF 42","307","4","3","Manhattan","Gramercy Park - Murray Hill","Gramercy Park - Murray Hill  Manhattan","167","13.8","14.8"
"2022","UHF 42","209","4","2","Brooklyn","Bensonhurst - Bay Ridge","Bensonhurst - Bay Ridge  Brooklyn","207","12.6","13.3"
"2022","UHF 42","403","4","4","Queens","Flushing - Clearview","Flushing - Clearview  Queens","226","10.8","12.2"
"2022","UHF 42","404","4","4","Queens","Bayside - Little Neck","Bayside - Little Neck  Queens","72","9.8","10.3"
"2022","UHF 42","308","4","3","Manhattan","Greenwich Village - SoHo","Greenwich Village - SoHo  Manhattan","61","8.9","9.0"
"2022","Community District","201","6","1","Bronx","Mott Haven and Melrose (CD1)","Mott Haven and Melrose (CD1)  Bronx","1,577","229.4","230.1"
"2022","Community District","206","6","1","Bronx","Belmont and East Tremont (CD6)","Belmont and East Tremont (CD6)  Bronx","1,078","180.5","182.5"
"2022","Community District","110","6","3","Manhattan","Central Harlem (CD10)","Central Harlem (CD10)  Manhattan","1,651","183.9","182.3"
"2022","Community District","203","6","1","Bronx","Morrisania and Crotona (CD3)","Morrisania and Crotona (CD3)  Bronx","1,109","178.2","178.2"
"2022","Community District","316","6","2","Brooklyn","Brownsville (CD16)","Brownsville (CD16)  Brooklyn","1,007","168.8","174.3"
"2022","Community District","111","6","3","Manhattan","East Harlem (CD11)","East Harlem (CD11)  Manhattan","1,546","161.1","163.6"
"2022","Community District","202","6","1","Bronx","Hunts Point and Longwood (CD2)","Hunts Point and Longwood (CD2)  Bronx","537","136.4","136.7"
"2022","Community District","205","6","1","Bronx","Fordham and University Heights (CD5)","Fordham and University Heights (CD5)  Bronx","1,247","132.2","130.3"
"2022","Community District","212","6","1","Bronx","Williamsbridge and Baychester (CD12)","Williamsbridge and Baychester (CD12)  Bronx","1,380","121.1","124.7"
"2022","Community District","204","6","1","Bronx","Highbridge and Concourse (CD4)","Highbridge and Concourse (CD4)  Bronx","1,319","119.4","119.7"
"2022","Community District","305","6","2","Brooklyn","East New York and Starrett City (CD5)","East New York and Starrett City (CD5)  Brooklyn","1,355","104.7","106.2"
"2022","Community District","303","6","2","Brooklyn","Bedford Stuyvesant (CD3)","Bedford Stuyvesant (CD3)  Brooklyn","1,158","102.4","103.7"
"2022","Community District","414","6","4","Queens","Rockaway and Broad Channel (CD14)","Rockaway and Broad Channel (CD14)  Queens","755","91.8","99.0"
"2022","Community District","317","6","2","Brooklyn","East Flatbush (CD17)","East Flatbush (CD17)  Brooklyn","1,060","87.5","93.7"
"2022","Community District","209","6","1","Bronx","Parkchester and Soundview (CD9)","Parkchester and Soundview (CD9)  Bronx","1,136","83.4","84.2"
"2022","Community District","211","6","1","Bronx","Morris Park and Bronxdale (CD11)","Morris Park and Bronxdale (CD11)  Bronx","670","78.2","80.1"
"2022","Community District","304","6","2","Brooklyn","Bushwick (CD4)","Bushwick (CD4)  Brooklyn","652","78.2","77.8"
"2022","Community District","207","6","1","Bronx","Kingsbridge Heights and Bedford (CD7)","Kingsbridge Heights and Bedford (CD7)  Bronx","806","76.1","75.8"
"2022","Community District","308","6","2","Brooklyn","Crown Heights and Prospect Heights (CD8)","Crown Heights and Prospect Heights (CD8)  Brooklyn","552","72.1","73.8"
"2022","Community District","109","6","3","Manhattan","Morningside Heights and Hamilton Heights (CD9)","Morningside Heights and Hamilton Heights (CD9)  Manhattan","576","64.8","66.9"
"2022","Community District","309","6","2","Brooklyn","South Crown Heights and Lefferts Gardens (CD9)","South Crown Heights and Lefferts Gardens (CD9)  Brooklyn","489","63.9","66.2"
"2022","Community District","501","6","5","Staten Island","St. George and Stapleton (CD1)","St. George and Stapleton (CD1)  Staten Island","936","63.8","65.4"
"2022","Community District","412","6","4","Queens","Jamaica and Hollis (CD12)","Jamaica and Hollis (CD12)  Queens","1,042","57.7","59.9"
"2022","Community District","210","6","1","Bronx","Throgs Neck and Co-op City (CD10)","Throgs Neck and Co-op City (CD10)  Bronx","485","51.9","55.1"
"2022","Community District","313","6","2","Brooklyn","Coney Island (CD13)","Coney Island (CD13)  Brooklyn","419","47.2","54.4"
"2022","Community District","318","6","2","Brooklyn","Flatlands and Canarsie (CD18)","Flatlands and Canarsie (CD18)  Brooklyn","719","49.2","51.4"
"2022","Community District","302","6","2","Brooklyn","Fort Greene and Brooklyn Heights (CD2)","Fort Greene and Brooklyn Heights (CD2)  Brooklyn","465","40.8","43.4"
"2022","Community District","208","6","1","Bronx","Riverdale and Fieldston (CD8)","Riverdale and Fieldston (CD8)  Bronx","324","41.5","43.2"
"2022","Community District","103","6","3","Manhattan","Lower East Side and Chinatown (CD3)","Lower East Side and Chinatown (CD3)  Manhattan","619","42.3","43.0"
"2022","Community District","112","6","3","Manhattan","Washington Heights and Inwood (CD12)","Washington Heights and Inwood (CD12)  Manhattan","657","42.4","43.0"
"2022","Community District","301","6","2","Brooklyn","Greenpoint and Williamsburg (CD1)","Greenpoint and Williamsburg (CD1)  Brooklyn","573","38.2","42.5"
"2022","Community District","314","6","2","Brooklyn","Flatbush and Midwood (CD14)","Flatbush and Midwood (CD14)  Brooklyn","504","40.7","41.3"
"2022","Community District","413","6","4","Queens","Queens Village (CD13)","Queens Village (CD13)  Queens","522","33.8","36.4"
"2022","Community District","409","6","4","Queens","Kew Gardens and Woodhaven (CD9)","Kew Gardens and Woodhaven (CD9)  Queens","386","34.8","35.1"
"2022","Community District","306","6","2","Brooklyn","Park Slope and Carroll Gardens (CD6)","Park Slope and Carroll Gardens (CD6)  Brooklyn","279","31.2","35.0"
"2022","Community District","401","6","4","Queens","Long Island City and Astoria (CD1)","Long Island City and Astoria (CD1)  Queens","547","34.5","35.0"
"2022","Community District","410","6","4","Queens","South Ozone Park and Howard Beach (CD10)","South Ozone Park and Howard Beach (CD10)  Queens","310","32.3","33.1"
"2022","Community District","104","6","3","Manhattan","Clinton and Chelsea (CD4)","Clinton and Chelsea (CD4)  Manhattan","379","29.7","31.4"
"2022","Community District","307","6","2","Brooklyn","Sunset Park (CD7)","Sunset Park (CD7)  Brooklyn","277","27.0","28.1"
"2022","Community District","107","6","3","Manhattan","Upper West Side (CD7)","Upper West Side (CD7)  Manhattan","401","23.2","26.4"
"2022","Community District","405","6","4","Queens","Ridgewood and Maspeth (CD5)","Ridgewood and Maspeth (CD5)  Queens","307","25.2","26.1"
"2022","Community District","408","6","4","Queens","Hillcrest and Fresh Meadows (CD8)","Hillcrest and Fresh Meadows (CD8)  Queens","300","24.5","25.5"
"2022","Community District","502","6","5","Staten Island","South Beach and Willowbrook (CD2)","South Beach and Willowbrook (CD2)  Staten Island","269","23.4","24.5"
"2022","Community District","404","6","4","Queens","Elmhurst and Corona (CD4)","Elmhurst and Corona (CD4)  Queens","292","20.0","20.3"
"2022","Community District","403","6","4","Queens","Jackson Heights (CD3)","Jackson Heights (CD3)  Queens","245","17.7","18.3"
"2022","Community District","105","6","3","Manhattan","Midtown (CD5)","Midtown (CD5)  Manhattan","92","17.1","17.7"
"2022","Community District","106","6","3","Manhattan","Stuyvesant Town and Turtle Bay (CD6)","Stuyvesant Town and Turtle Bay (CD6)  Manhattan","184","14.8","15.9"
"2022","Community District","101","6","3","Manhattan","Financial District (CD1)","Financial District (CD1)  Manhattan","62","12.3","15.4"
"2022","Community District","503","6","5","Staten Island","Tottenville and Great Kills (CD3)","Tottenville and Great Kills (CD3)  Staten Island","176","14.1","15.1"
"2022","Community District","108","6","3","Manhattan","Upper East Side (CD8)","Upper East Side (CD8)  Manhattan","250","13.7","14.9"
"2022","Community District","315","6","2","Brooklyn","Sheepshead Bay (CD15)","Sheepshead Bay (CD15)  Brooklyn","184","13.3","13.9"
"2022","Community District","312","6","2","Brooklyn","Borough Park (CD12)","Borough Park (CD12)  Brooklyn","173","13.2","13.3"
"2022","Community District","310","6","2","Brooklyn","Bay Ridge and Dyker Heights (CD10)","Bay Ridge and Dyker Heights (CD10)  Brooklyn","140","12.3","12.9"
"2022","Community District","407","6","4","Queens","Flushing and Whitestone (CD7)","Flushing and Whitestone (CD7)  Queens","228","10.4","12.0"
"2022","Community District","406","6","4","Queens","Rego Park and Forest Hills (CD6)","Rego Park and Forest Hills (CD6)  Queens","105","11.2","11.7"
"2022","Community District","402","6","4","Queens","Woodside and Sunnyside (CD2)","Woodside and Sunnyside (CD2)  Queens","138","11.1","11.6"
"2022","Community District","311","6","2","Brooklyn","Bensonhurst (CD11)","Bensonhurst (CD11)  Brooklyn","168","10.1","10.5"
"2022","Community District","411","6","4","Queens","Bayside and Little Neck (CD11)","Bayside and Little Neck (CD11)  Queens","86","9.1","9.2"
"2022","Community District","102","6","3","Manhattan","Greenwich Village and Soho (CD2)","Greenwich Village and Soho (CD2)  Manhattan","51","6.6","6.6"
"2021","Citywide","1","0","-","-","New York City","New York City","32,738","48.6","49.7"
"2021","Borough","1","1","1","Bronx","Bronx","Bronx","10,641","98.9","99.3"
"2021","Borough","3","1","3","Manhattan","Manhattan","Manhattan","6,515","48.2","49.7"
"2021","Borough","2","1","2","Brooklyn","Brooklyn","Brooklyn","8,997","43.9","44.9"
"2021","Borough","5","1","5","Staten Island","Staten Island","Staten Island","1,227","31.6","33.7"
"2021","Borough","4","1","4","Queens","Queens","Queens","5,358","28.6","29.9"
"2021","UHF 42","303","4","3","Manhattan","East Harlem","East Harlem  Manhattan","1,355","150.7","152.6"
"2021","UHF 42","107","4","1","Bronx","Hunts Point - Mott Haven","Hunts Point - Mott Haven  Bronx","1,499","145.9","145.9"
"2021","UHF 42","105","4","1","Bronx","Crotona -Tremont","Crotona -Tremont  Bronx","2,190","140.9","140.3"
"2021","UHF 42","106","4","1","Bronx","High Bridge - Morrisania","High Bridge - Morrisania  Bronx","2,159","136.7","136.5"
"2021","UHF 42","302","4","3","Manhattan","Central Harlem - Morningside Heights","Central Harlem - Morningside Heights  Manhattan","1,991","136.6","136.2"
"2021","UHF 42","102","4","1","Bronx","Northeast Bronx","Northeast Bronx  Bronx","1,266","78.2","82.9"
"2021","UHF 42","211","4","2","Brooklyn","Williamsburg - Bushwick","Williamsburg - Bushwick  Brooklyn","1,335","77.8","80.1"
"2021","UHF 42","203","4","2","Brooklyn","Bedford Stuyvesant - Crown Heights","Bedford Stuyvesant - Crown Heights  Brooklyn","2,081","76.0","77.0"
"2021","UHF 42","501","4","5","Staten Island","Port Richmond","Port Richmond  Staten Island","404","75.2","75.0"
"2021","UHF 42","103","4","1","Bronx","Fordham - Bronx Pk","Fordham - Bronx Pk  Bronx","1,489","75.7","74.9"
"2021","UHF 42","410","4","4","Queens","Rockaways","Rockaways  Queens","699","69.5","74.9"
"2021","UHF 42","204","4","2","Brooklyn","East New York","East New York  Brooklyn","1,065","70.4","70.6"
"2021","UHF 42","104","4","1","Bronx","Pelham - Throgs Neck","Pelham - Throgs Neck  Bronx","1,593","69.6","70.3"
"2021","UHF 42","207","4","2","Brooklyn","East Flatbush - Flatbush","East Flatbush - Flatbush  Brooklyn","1,497","63.1","65.4"
"2021","UHF 42","502","4","5","Staten Island","Stapleton - St. George","Stapleton - St. George  Staten Island","467","45.7","48.4"
"2021","UHF 42","408","4","4","Queens","Jamaica","Jamaica  Queens","1,214","46.4","48.3"
"2021","UHF 42","208","4","2","Brooklyn","Canarsie - Flatlands","Canarsie - Flatlands  Brooklyn","657","39.8","42.0"
"2021","UHF 42","301","4","3","Manhattan","Washington Heights","Washington Heights  Manhattan","909","41.7","42.0"
"2021","UHF 42","309","4","3","Manhattan","Union Square - Lower East Side","Union Square - Lower East Side  Manhattan","607","38.2","39.2"
"2021","UHF 42","306","4","3","Manhattan","Chelsea - Clinton","Chelsea - Clinton  Manhattan","487","35.3","36.5"
"2021","UHF 42","202","4","2","Brooklyn","Downtown - Heights - Slope","Downtown - Heights - Slope  Brooklyn","688","32.0","35.5"
"2021","UHF 42","101","4","1","Bronx","Kingsbridge - Riverdale","Kingsbridge - Riverdale  Bronx","249","33.5","35.2"
"2021","UHF 42","310","4","3","Manhattan","Lower Manhattan","Lower Manhattan  Manhattan","148","28.7","33.1"
"2021","UHF 42","409","4","4","Queens","Southeast Queens","Southeast Queens  Queens","530","29.8","32.8"
"2021","UHF 42","205","4","2","Brooklyn","Sunset Park","Sunset Park  Brooklyn","300","32.1","32.3"
"2021","UHF 42","407","4","4","Queens","Southwest Queens","Southwest Queens  Queens","696","31.2","31.6"
"2021","UHF 42","401","4","4","Queens","Long Island City - Astoria","Long Island City - Astoria  Queens","497","28.9","29.9"
"2021","UHF 42","210","4","2","Brooklyn","Coney Island - Sheepshead Bay","Coney Island - Sheepshead Bay  Brooklyn","535","23.0","25.4"
"2021","UHF 42","402","4","4","Queens","West Queens","West Queens  Queens","842","22.9","23.2"
"2021","UHF 42","201","4","2","Brooklyn","Greenpoint","Greenpoint  Brooklyn","221","20.1","22.6"
"2021","UHF 42","304","4","3","Manhattan","Upper West Side","Upper West Side  Manhattan","356","19.4","21.5"
"2021","UHF 42","503","4","5","Staten Island","Willowbrook","Willowbrook  Staten Island","141","18.6","21.3"
"2021","UHF 42","307","4","3","Manhattan","Gramercy Park - Murray Hill","Gramercy Park - Murray Hill  Manhattan","193","16.3","18.3"
"2021","UHF 42","405","4","4","Queens","Ridgewood - Forest Hills","Ridgewood - Forest Hills  Queens","339","16.1","17.5"
"2021","UHF 42","406","4","4","Queens","Fresh Meadows","Fresh Meadows  Queens","125","16.1","16.8"
"2021","UHF 42","305","4","3","Manhattan","Upper East Side","Upper East Side  Manhattan","208","12.2","13.8"
"2021","UHF 42","504","4","5","Staten Island","South Beach - Tottenville","South Beach - Tottenville  Staten Island","203","13.0","13.8"
"2021","UHF 42","403","4","4","Queens","Flushing - Clearview","Flushing - Clearview  Queens","218","10.3","11.7"
"2021","UHF 42","206","4","2","Brooklyn","Borough Park","Borough Park  Brooklyn","245","10.4","10.7"
"2021","UHF 42","209","4","2","Brooklyn","Bensonhurst - Bay Ridge","Bensonhurst - Bay Ridge  Brooklyn","143","8.6","9.3"
"2021","UHF 42","308","4","3","Manhattan","Greenwich Village - SoHo","Greenwich Village - SoHo  Manhattan","54","8.0","8.0"
"2021","UHF 42","404","4","4","Queens","Bayside - Little Neck","Bayside - Little Neck  Queens","44","5.9","6.0"
"2021","Community District","201","6","1","Bronx","Mott Haven and Melrose (CD1)","Mott Haven and Melrose (CD1)  Bronx","1,282","181.8","181.6"
"2021","Community District","110","6","3","Manhattan","Central Harlem (CD10)","Central Harlem (CD10)  Manhattan","1,596","178.3","177.1"
"2021","Community District","206","6","1","Bronx","Belmont and East Tremont (CD6)","Belmont and East Tremont (CD6)  Bronx","1,011","164.7","166.6"
"2021","Community District","111","6","3","Manhattan","East Harlem (CD11)","East Harlem (CD11)  Manhattan","1,475","154.7","156.5"
"2021","Community District","203","6","1","Bronx","Morrisania and Crotona (CD3)","Morrisania and Crotona (CD3)  Bronx","998","156.1","155.8"
"2021","Community District","316","6","2","Brooklyn","Brownsville (CD16)","Brownsville (CD16)  Brooklyn","768","126.0","128.6"
"2021","Community District","205","6","1","Bronx","Fordham and University Heights (CD5)","Fordham and University Heights (CD5)  Bronx","1,190","122.6","121.7"
"2021","Community District","202","6","1","Bronx","Hunts Point and Longwood (CD2)","Hunts Point and Longwood (CD2)  Bronx","454","112.4","112.7"
"2021","Community District","212","6","1","Bronx","Williamsbridge and Baychester (CD12)","Williamsbridge and Baychester (CD12)  Bronx","1,220","104.3","106.6"
"2021","Community District","204","6","1","Bronx","Highbridge and Concourse (CD4)","Highbridge and Concourse (CD4)  Bronx","1,189","104.9","104.6"
"2021","Community District","303","6","2","Brooklyn","Bedford Stuyvesant (CD3)","Bedford Stuyvesant (CD3)  Brooklyn","1,143","99.1","100.3"
"2021","Community District","414","6","4","Queens","Rockaway and Broad Channel (CD14)","Rockaway and Broad Channel (CD14)  Queens","699","83.1","89.2"
"2021","Community District","209","6","1","Bronx","Parkchester and Soundview (CD9)","Parkchester and Soundview (CD9)  Bronx","1,103","79.0","79.3"
"2021","Community District","305","6","2","Brooklyn","East New York and Starrett City (CD5)","East New York and Starrett City (CD5)  Brooklyn","987","74.9","75.8"
"2021","Community District","317","6","2","Brooklyn","East Flatbush (CD17)","East Flatbush (CD17)  Brooklyn","867","70.2","74.5"
"2021","Community District","304","6","2","Brooklyn","Bushwick (CD4)","Bushwick (CD4)  Brooklyn","617","72.8","73.0"
"2021","Community District","308","6","2","Brooklyn","Crown Heights and Prospect Heights (CD8)","Crown Heights and Prospect Heights (CD8)  Brooklyn","544","69.8","71.9"
"2021","Community District","211","6","1","Bronx","Morris Park and Bronxdale (CD11)","Morris Park and Bronxdale (CD11)  Bronx","594","67.4","69.2"
"2021","Community District","109","6","3","Manhattan","Morningside Heights and Hamilton Heights (CD9)","Morningside Heights and Hamilton Heights (CD9)  Manhattan","570","65.2","67.0"
"2021","Community District","412","6","4","Queens","Jamaica and Hollis (CD12)","Jamaica and Hollis (CD12)  Queens","1,118","60.7","63.5"
"2021","Community District","207","6","1","Bronx","Kingsbridge Heights and Bedford (CD7)","Kingsbridge Heights and Bedford (CD7)  Bronx","689","63.3","62.6"
"2021","Community District","309","6","2","Brooklyn","South Crown Heights and Lefferts Gardens (CD9)","South Crown Heights and Lefferts Gardens (CD9)  Brooklyn","457","58.7","61.6"
"2021","Community District","501","6","5","Staten Island","St. George and Stapleton (CD1)","St. George and Stapleton (CD1)  Staten Island","822","56.0","57.4"
"2021","Community District","210","6","1","Bronx","Throgs Neck and Co-op City (CD10)","Throgs Neck and Co-op City (CD10)  Bronx","437","45.6","47.9"
"2021","Community District","103","6","3","Manhattan","Lower East Side and Chinatown (CD3)","Lower East Side and Chinatown (CD3)  Manhattan","647","45.3","46.8"
"2021","Community District","318","6","2","Brooklyn","Flatlands and Canarsie (CD18)","Flatlands and Canarsie (CD18)  Brooklyn","639","43.0","44.5"
"2021","Community District","313","6","2","Brooklyn","Coney Island (CD13)","Coney Island (CD13)  Brooklyn","338","37.7","43.5"
"2021","Community District","112","6","3","Manhattan","Washington Heights and Inwood (CD12)","Washington Heights and Inwood (CD12)  Manhattan","640","41.5","41.9"
"2021","Community District","302","6","2","Brooklyn","Fort Greene and Brooklyn Heights (CD2)","Fort Greene and Brooklyn Heights (CD2)  Brooklyn","426","36.9","40.5"
"2021","Community District","409","6","4","Queens","Kew Gardens and Woodhaven (CD9)","Kew Gardens and Woodhaven (CD9)  Queens","447","39.6","39.8"
"2021","Community District","314","6","2","Brooklyn","Flatbush and Midwood (CD14)","Flatbush and Midwood (CD14)  Brooklyn","486","38.7","39.2"
"2021","Community District","208","6","1","Bronx","Riverdale and Fieldston (CD8)","Riverdale and Fieldston (CD8)  Bronx","278","34.6","36.1"
"2021","Community District","413","6","4","Queens","Queens Village (CD13)","Queens Village (CD13)  Queens","497","31.6","34.7"
"2021","Community District","301","6","2","Brooklyn","Greenpoint and Williamsburg (CD1)","Greenpoint and Williamsburg (CD1)  Brooklyn","451","29.7","32.9"
"2021","Community District","104","6","3","Manhattan","Clinton and Chelsea (CD4)","Clinton and Chelsea (CD4)  Manhattan","385","30.7","32.5"
"2021","Community District","401","6","4","Queens","Long Island City and Astoria (CD1)","Long Island City and Astoria (CD1)  Queens","510","31.4","31.8"
"2021","Community District","306","6","2","Brooklyn","Park Slope and Carroll Gardens (CD6)","Park Slope and Carroll Gardens (CD6)  Brooklyn","228","25.2","30.7"
"2021","Community District","307","6","2","Brooklyn","Sunset Park (CD7)","Sunset Park (CD7)  Brooklyn","302","29.1","29.8"
"2021","Community District","410","6","4","Queens","South Ozone Park and Howard Beach (CD10)","South Ozone Park and Howard Beach (CD10)  Queens","253","25.9","26.1"
"2021","Community District","105","6","3","Manhattan","Midtown (CD5)","Midtown (CD5)  Manhattan","131","25.0","26.0"
"2021","Community District","502","6","5","Staten Island","South Beach and Willowbrook (CD2)","South Beach and Willowbrook (CD2)  Staten Island","249","21.7","24.0"
"2021","Community District","403","6","4","Queens","Jackson Heights (CD3)","Jackson Heights (CD3)  Queens","323","23.0","23.3"
"2021","Community District","405","6","4","Queens","Ridgewood and Maspeth (CD5)","Ridgewood and Maspeth (CD5)  Queens","270","21.6","22.7"
"2021","Community District","107","6","3","Manhattan","Upper West Side (CD7)","Upper West Side (CD7)  Manhattan","338","19.8","22.6"
"2021","Community District","404","6","4","Queens","Elmhurst and Corona (CD4)","Elmhurst and Corona (CD4)  Queens","322","21.7","22.0"
"2021","Community District","101","6","3","Manhattan","Financial District (CD1)","Financial District (CD1)  Manhattan","93","18.9","21.6"
"2021","Community District","408","6","4","Queens","Hillcrest and Fresh Meadows (CD8)","Hillcrest and Fresh Meadows (CD8)  Queens","239","19.2","19.6"
"2021","Community District","106","6","3","Manhattan","Stuyvesant Town and Turtle Bay (CD6)","Stuyvesant Town and Turtle Bay (CD6)  Manhattan","178","14.7","16.1"
"2021","Community District","315","6","2","Brooklyn","Sheepshead Bay (CD15)","Sheepshead Bay (CD15)  Brooklyn","174","12.5","13.2"
"2021","Community District","108","6","3","Manhattan","Upper East Side (CD8)","Upper East Side (CD8)  Manhattan","207","11.6","13.1"
"2021","Community District","402","6","4","Queens","Woodside and Sunnyside (CD2)","Woodside and Sunnyside (CD2)  Queens","150","11.8","12.3"
"2021","Community District","406","6","4","Queens","Rego Park and Forest Hills (CD6)","Rego Park and Forest Hills (CD6)  Queens","103","10.8","12.3"
"2021","Community District","503","6","5","Staten Island","Tottenville and Great Kills (CD3)","Tottenville and Great Kills (CD3)  Staten Island","144","11.4","12.1"
"2021","Community District","407","6","4","Queens","Flushing and Whitestone (CD7)","Flushing and Whitestone (CD7)  Queens","219","9.9","11.3"
"2021","Community District","310","6","2","Brooklyn","Bay Ridge and Dyker Heights (CD10)","Bay Ridge and Dyker Heights (CD10)  Brooklyn","112","9.7","10.9"
"2021","Community District","312","6","2","Brooklyn","Borough Park (CD12)","Borough Park (CD12)  Brooklyn","110","8.3","8.4"
"2021","Community District","311","6","2","Brooklyn","Bensonhurst (CD11)","Bensonhurst (CD11)  Brooklyn","118","7.1","7.5"
"2021","Community District","102","6","3","Manhattan","Greenwich Village and Soho (CD2)","Greenwich Village and Soho (CD2)  Manhattan","52","6.9","7.1"
"2021","Community District","411","6","4","Queens","Bayside and Little Neck (CD11)","Bayside and Little Neck (CD11)  Queens","54","5.6","5.9"
"2020","Citywide","1","0","-","-","New York City","New York City","33,238","47.7","48.4"
"2020","Borough","1","1","1","Bronx","Bronx","Bronx","10,651","96.5","96.3"
"2020","Borough","2","1","2","Brooklyn","Brooklyn","Brooklyn","10,137","48.0","48.9"
"2020","Borough","3","1","3","Manhattan","Manhattan","Manhattan","6,290","43.5","44.7"
"2020","Borough","5","1","5","Staten Island","Staten Island","Staten Island","1,287","33.2","35.1"
"2020","Borough","4","1","4","Queens","Queens","Queens","4,873","25.4","26.3"
"2020","UHF 42","106","4","1","Bronx","High Bridge - Morrisania","High Bridge - Morrisania  Bronx","2,454","151.9","150.5"
"2020","UHF 42","107","4","1","Bronx","Hunts Point - Mott Haven","Hunts Point - Mott Haven  Bronx","1,552","150.0","149.7"
"2020","UHF 42","303","4","3","Manhattan","East Harlem","East Harlem  Manhattan","1,360","147.5","148.7"
"2020","UHF 42","105","4","1","Bronx","Crotona -Tremont","Crotona -Tremont  Bronx","2,046","130.0","129.3"
"2020","UHF 42","302","4","3","Manhattan","Central Harlem - Morningside Heights","Central Harlem - Morningside Heights  Manhattan","1,915","126.3","127.1"
"2020","UHF 42","204","4","2","Brooklyn","East New York","East New York  Brooklyn","1,424","94.3","94.2"
"2020","UHF 42","203","4","2","Brooklyn","Bedford Stuyvesant - Crown Heights","Bedford Stuyvesant - Crown Heights  Brooklyn","2,485","89.6","90.5"
"2020","UHF 42","211","4","2","Brooklyn","Williamsburg - Bushwick","Williamsburg - Bushwick  Brooklyn","1,499","85.3","87.6"
"2020","UHF 42","103","4","1","Bronx","Fordham - Bronx Pk","Fordham - Bronx Pk  Bronx","1,550","76.3","75.6"
"2020","UHF 42","501","4","5","Staten Island","Port Richmond","Port Richmond  Staten Island","380","71.1","71.4"
"2020","UHF 42","102","4","1","Bronx","Northeast Bronx","Northeast Bronx  Bronx","1,039","62.6","67.0"
"2020","UHF 42","104","4","1","Bronx","Pelham - Throgs Neck","Pelham - Throgs Neck  Bronx","1,554","65.3","65.6"
"2020","UHF 42","410","4","4","Queens","Rockaways","Rockaways  Queens","625","60.6","64.3"
"2020","UHF 42","207","4","2","Brooklyn","East Flatbush - Flatbush","East Flatbush - Flatbush  Brooklyn","1,350","55.4","57.1"
"2020","UHF 42","502","4","5","Staten Island","Stapleton - St. George","Stapleton - St. George  Staten Island","523","51.4","53.2"
"2020","UHF 42","208","4","2","Brooklyn","Canarsie - Flatlands","Canarsie - Flatlands  Brooklyn","850","50.6","52.4"
"2020","UHF 42","408","4","4","Queens","Jamaica","Jamaica  Queens","1,191","45.3","46.3"
"2020","UHF 42","309","4","3","Manhattan","Union Square - Lower East Side","Union Square - Lower East Side  Manhattan","633","37.0","38.0"
"2020","UHF 42","202","4","2","Brooklyn","Downtown - Heights - Slope","Downtown - Heights - Slope  Brooklyn","719","31.8","35.7"
"2020","UHF 42","306","4","3","Manhattan","Chelsea - Clinton","Chelsea - Clinton  Manhattan","462","30.9","32.7"
"2020","UHF 42","301","4","3","Manhattan","Washington Heights","Washington Heights  Manhattan","704","31.1","31.4"
"2020","UHF 42","409","4","4","Queens","Southeast Queens","Southeast Queens  Queens","451","25.0","26.8"
"2020","UHF 42","205","4","2","Brooklyn","Sunset Park","Sunset Park  Brooklyn","245","25.5","26.4"
"2020","UHF 42","407","4","4","Queens","Southwest Queens","Southwest Queens  Queens","586","26.1","26.2"
"2020","UHF 42","401","4","4","Queens","Long Island City - Astoria","Long Island City - Astoria  Queens","434","24.1","25.9"
"2020","UHF 42","101","4","1","Bronx","Kingsbridge - Riverdale","Kingsbridge - Riverdale  Bronx","189","24.7","25.4"
"2020","UHF 42","201","4","2","Brooklyn","Greenpoint","Greenpoint  Brooklyn","247","21.3","25.0"
"2020","UHF 42","310","4","3","Manhattan","Lower Manhattan","Lower Manhattan  Manhattan","117","20.9","24.5"
"2020","UHF 42","503","4","5","Staten Island","Willowbrook","Willowbrook  Staten Island","156","20.7","23.1"
"2020","UHF 42","210","4","2","Brooklyn","Coney Island - Sheepshead Bay","Coney Island - Sheepshead Bay  Brooklyn","527","21.8","22.9"
"2020","UHF 42","304","4","3","Manhattan","Upper West Side","Upper West Side  Manhattan","404","20.7","21.2"
"2020","UHF 42","402","4","4","Queens","West Queens","West Queens  Queens","698","18.5","18.7"
"2020","UHF 42","405","4","4","Queens","Ridgewood - Forest Hills","Ridgewood - Forest Hills  Queens","382","17.4","18.3"
"2020","UHF 42","406","4","4","Queens","Fresh Meadows","Fresh Meadows  Queens","131","16.2","17.7"
"2020","UHF 42","504","4","5","Staten Island","South Beach - Tottenville","South Beach - Tottenville  Staten Island","207","13.1","14.0"
"2020","UHF 42","307","4","3","Manhattan","Gramercy Park - Murray Hill","Gramercy Park - Murray Hill  Manhattan","161","12.5","13.2"
"2020","UHF 42","305","4","3","Manhattan","Upper East Side","Upper East Side  Manhattan","199","10.4","11.7"
"2020","UHF 42","308","4","3","Manhattan","Greenwich Village - SoHo","Greenwich Village - SoHo  Manhattan","80","10.8","10.8"
"2020","UHF 42","403","4","4","Queens","Flushing - Clearview","Flushing - Clearview  Queens","204","9.3","10.4"
"2020","UHF 42","206","4","2","Brooklyn","Borough Park","Borough Park  Brooklyn","249","10.2","10.3"
"2020","UHF 42","209","4","2","Brooklyn","Bensonhurst - Bay Ridge","Bensonhurst - Bay Ridge  Brooklyn","171","9.9","10.0"
"2020","UHF 42","404","4","4","Queens","Bayside - Little Neck","Bayside - Little Neck  Queens","32","4.2","4.3"
"2020","Community District","201","6","1","Bronx","Mott Haven and Melrose (CD1)","Mott Haven and Melrose (CD1)  Bronx","1,457","202.2","202.4"
"2020","Community District","316","6","2","Brooklyn","Brownsville (CD16)","Brownsville (CD16)  Brooklyn","1,040","168.2","170.5"
"2020","Community District","110","6","3","Manhattan","Central Harlem (CD10)","Central Harlem (CD10)  Manhattan","1,504","164.8","166.2"
"2020","Community District","111","6","3","Manhattan","East Harlem (CD11)","East Harlem (CD11)  Manhattan","1,510","154.2","155.5"
"2020","Community District","203","6","1","Bronx","Morrisania and Crotona (CD3)","Morrisania and Crotona (CD3)  Bronx","1,018","155.6","154.0"
"2020","Community District","206","6","1","Bronx","Belmont and East Tremont (CD6)","Belmont and East Tremont (CD6)  Bronx","946","150.5","151.1"
"2020","Community District","204","6","1","Bronx","Highbridge and Concourse (CD4)","Highbridge and Concourse (CD4)  Bronx","1,349","116.4","114.4"
"2020","Community District","202","6","1","Bronx","Hunts Point and Longwood (CD2)","Hunts Point and Longwood (CD2)  Bronx","460","111.4","111.5"
"2020","Community District","303","6","2","Brooklyn","Bedford Stuyvesant (CD3)","Bedford Stuyvesant (CD3)  Brooklyn","1,270","107.8","108.8"
"2020","Community District","205","6","1","Bronx","Fordham and University Heights (CD5)","Fordham and University Heights (CD5)  Bronx","1,082","108.9","108.7"
"2020","Community District","305","6","2","Brooklyn","East New York and Starrett City (CD5)","East New York and Starrett City (CD5)  Brooklyn","1,346","100.7","101.2"
"2020","Community District","212","6","1","Bronx","Williamsbridge and Baychester (CD12)","Williamsbridge and Baychester (CD12)  Bronx","1,069","89.1","90.9"
"2020","Community District","209","6","1","Bronx","Parkchester and Soundview (CD9)","Parkchester and Soundview (CD9)  Bronx","1,113","78.1","77.9"
"2020","Community District","308","6","2","Brooklyn","Crown Heights and Prospect Heights (CD8)","Crown Heights and Prospect Heights (CD8)  Brooklyn","607","75.8","77.9"
"2020","Community District","304","6","2","Brooklyn","Bushwick (CD4)","Bushwick (CD4)  Brooklyn","668","77.1","77.6"
"2020","Community District","414","6","4","Queens","Rockaway and Broad Channel (CD14)","Rockaway and Broad Channel (CD14)  Queens","625","72.2","76.6"
"2020","Community District","317","6","2","Brooklyn","East Flatbush (CD17)","East Flatbush (CD17)  Brooklyn","868","69.4","73.3"
"2020","Community District","207","6","1","Bronx","Kingsbridge Heights and Bedford (CD7)","Kingsbridge Heights and Bedford (CD7)  Bronx","757","67.8","67.0"
"2020","Community District","501","6","5","Staten Island","St. George and Stapleton (CD1)","St. George and Stapleton (CD1)  Staten Island","834","57.4","58.9"
"2020","Community District","211","6","1","Bronx","Morris Park and Bronxdale (CD11)","Morris Park and Bronxdale (CD11)  Bronx","520","57.1","58.7"
"2020","Community District","412","6","4","Queens","Jamaica and Hollis (CD12)","Jamaica and Hollis (CD12)  Queens","1,071","57.5","58.7"
"2020","Community District","309","6","2","Brooklyn","South Crown Heights and Lefferts Gardens (CD9)","South Crown Heights and Lefferts Gardens (CD9)  Brooklyn","442","55.6","57.1"
"2020","Community District","109","6","3","Manhattan","Morningside Heights and Hamilton Heights (CD9)","Morningside Heights and Hamilton Heights (CD9)  Manhattan","480","52.3","53.7"
"2020","Community District","318","6","2","Brooklyn","Flatlands and Canarsie (CD18)","Flatlands and Canarsie (CD18)  Brooklyn","740","48.6","49.8"
"2020","Community District","103","6","3","Manhattan","Lower East Side and Chinatown (CD3)","Lower East Side and Chinatown (CD3)  Manhattan","661","43.9","44.9"
"2020","Community District","210","6","1","Bronx","Throgs Neck and Co-op City (CD10)","Throgs Neck and Co-op City (CD10)  Bronx","402","40.5","43.3"
"2020","Community District","313","6","2","Brooklyn","Coney Island (CD13)","Coney Island (CD13)  Brooklyn","349","37.8","39.9"
"2020","Community District","301","6","2","Brooklyn","Greenpoint and Williamsburg (CD1)","Greenpoint and Williamsburg (CD1)  Brooklyn","536","33.6","38.5"
"2020","Community District","302","6","2","Brooklyn","Fort Greene and Brooklyn Heights (CD2)","Fort Greene and Brooklyn Heights (CD2)  Brooklyn","394","32.8","36.7"
"2020","Community District","314","6","2","Brooklyn","Flatbush and Midwood (CD14)","Flatbush and Midwood (CD14)  Brooklyn","468","36.2","36.6"
"2020","Community District","306","6","2","Brooklyn","Park Slope and Carroll Gardens (CD6)","Park Slope and Carroll Gardens (CD6)  Brooklyn","263","27.7","32.9"
"2020","Community District","112","6","3","Manhattan","Washington Heights and Inwood (CD12)","Washington Heights and Inwood (CD12)  Manhattan","509","31.9","32.2"
"2020","Community District","413","6","4","Queens","Queens Village (CD13)","Queens Village (CD13)  Queens","447","28.0","30.0"
"2020","Community District","104","6","3","Manhattan","Clinton and Chelsea (CD4)","Clinton and Chelsea (CD4)  Manhattan","364","26.6","28.6"
"2020","Community District","409","6","4","Queens","Kew Gardens and Woodhaven (CD9)","Kew Gardens and Woodhaven (CD9)  Queens","326","28.2","28.1"
"2020","Community District","307","6","2","Brooklyn","Sunset Park (CD7)","Sunset Park (CD7)  Brooklyn","267","25.1","26.7"
"2020","Community District","401","6","4","Queens","Long Island City and Astoria (CD1)","Long Island City and Astoria (CD1)  Queens","430","25.4","26.5"
"2020","Community District","410","6","4","Queens","South Ozone Park and Howard Beach (CD10)","South Ozone Park and Howard Beach (CD10)  Queens","261","26.1","26.5"
"2020","Community District","502","6","5","Staten Island","South Beach and Willowbrook (CD2)","South Beach and Willowbrook (CD2)  Staten Island","283","24.8","26.0"
"2020","Community District","208","6","1","Bronx","Riverdale and Fieldston (CD8)","Riverdale and Fieldston (CD8)  Bronx","211","25.4","25.9"
"2020","Community District","405","6","4","Queens","Ridgewood and Maspeth (CD5)","Ridgewood and Maspeth (CD5)  Queens","288","22.1","22.7"
"2020","Community District","105","6","3","Manhattan","Midtown (CD5)","Midtown (CD5)  Manhattan","116","20.0","21.5"
"2020","Community District","107","6","3","Manhattan","Upper West Side (CD7)","Upper West Side (CD7)  Manhattan","382","20.7","21.3"
"2020","Community District","408","6","4","Queens","Hillcrest and Fresh Meadows (CD8)","Hillcrest and Fresh Meadows (CD8)  Queens","248","19.5","20.8"
"2020","Community District","404","6","4","Queens","Elmhurst and Corona (CD4)","Elmhurst and Corona (CD4)  Queens","283","18.8","18.9"
"2020","Community District","403","6","4","Queens","Jackson Heights (CD3)","Jackson Heights (CD3)  Queens","258","18.0","18.4"
"2020","Community District","101","6","3","Manhattan","Financial District (CD1)","Financial District (CD1)  Manhattan","80","14.6","17.9"
"2020","Community District","406","6","4","Queens","Rego Park and Forest Hills (CD6)","Rego Park and Forest Hills (CD6)  Queens","126","12.8","14.0"
"2020","Community District","503","6","5","Staten Island","Tottenville and Great Kills (CD3)","Tottenville and Great Kills (CD3)  Staten Island","149","11.7","12.9"
"2020","Community District","106","6","3","Manhattan","Stuyvesant Town and Turtle Bay (CD6)","Stuyvesant Town and Turtle Bay (CD6)  Manhattan","150","11.3","11.9"
"2020","Community District","108","6","3","Manhattan","Upper East Side (CD8)","Upper East Side (CD8)  Manhattan","198","10.1","11.2"
"2020","Community District","315","6","2","Brooklyn","Sheepshead Bay (CD15)","Sheepshead Bay (CD15)  Brooklyn","150","10.4","11.0"
"2020","Community District","402","6","4","Queens","Woodside and Sunnyside (CD2)","Woodside and Sunnyside (CD2)  Queens","128","9.8","10.2"
"2020","Community District","407","6","4","Queens","Flushing and Whitestone (CD7)","Flushing and Whitestone (CD7)  Queens","200","8.9","10.0"
"2020","Community District","102","6","3","Manhattan","Greenwich Village and Soho (CD2)","Greenwich Village and Soho (CD2)  Manhattan","81","9.7","9.8"
"2020","Community District","311","6","2","Brooklyn","Bensonhurst (CD11)","Bensonhurst (CD11)  Brooklyn","153","8.9","9.1"
"2020","Community District","310","6","2","Brooklyn","Bay Ridge and Dyker Heights (CD10)","Bay Ridge and Dyker Heights (CD10)  Brooklyn","103","8.6","9.0"
"2020","Community District","312","6","2","Brooklyn","Borough Park (CD12)","Borough Park (CD12)  Brooklyn","102","7.4","7.6"
"2020","Community District","411","6","4","Queens","Bayside and Little Neck (CD11)","Bayside and Little Neck (CD11)  Queens","42","4.2","4.4"
"2019","Citywide","1","0","-","-","New York City","New York City","54,166","77.1","78.3"
"2019","Borough","1","1","1","Bronx","Bronx","Bronx","17,137","151.3","151.0"
"2019","Borough","2","1","2","Brooklyn","Brooklyn","Brooklyn","16,114","76.7","78.0"
"2019","Borough","3","1","3","Manhattan","Manhattan","Manhattan","10,543","71.1","73.5"
"2019","Borough","5","1","5","Staten Island","Staten Island","Staten Island","2,066","52.3","55.4"
"2019","Borough","4","1","4","Queens","Queens","Queens","8,306","43.5","44.6"
"2019","UHF 42","107","4","1","Bronx","Hunts Point - Mott Haven","Hunts Point - Mott Haven  Bronx","2,534","237.5","237.1"
"2019","UHF 42","303","4","3","Manhattan","East Harlem","East Harlem  Manhattan","2,176","230.9","234.4"
"2019","UHF 42","106","4","1","Bronx","High Bridge - Morrisania","High Bridge - Morrisania  Bronx","3,682","222.3","219.3"
"2019","UHF 42","302","4","3","Manhattan","Central Harlem - Morningside Heights","Central Harlem - Morningside Heights  Manhattan","3,235","209.3","211.0"
"2019","UHF 42","105","4","1","Bronx","Crotona -Tremont","Crotona -Tremont  Bronx","3,138","191.5","189.2"
"2019","UHF 42","204","4","2","Brooklyn","East New York","East New York  Brooklyn","2,381","160.4","160.1"
"2019","UHF 42","211","4","2","Brooklyn","Williamsburg - Bushwick","Williamsburg - Bushwick  Brooklyn","2,322","133.4","138.3"
"2019","UHF 42","203","4","2","Brooklyn","Bedford Stuyvesant - Crown Heights","Bedford Stuyvesant - Crown Heights  Brooklyn","3,640","133.0","134.9"
"2019","UHF 42","103","4","1","Bronx","Fordham - Bronx Pk","Fordham - Bronx Pk  Bronx","2,597","125.2","123.8"
"2019","UHF 42","102","4","1","Bronx","Northeast Bronx","Northeast Bronx  Bronx","1,999","118.2","123.6"
"2019","UHF 42","501","4","5","Staten Island","Port Richmond","Port Richmond  Staten Island","656","120.2","119.9"
"2019","UHF 42","410","4","4","Queens","Rockaways","Rockaways  Queens","1,008","99.4","103.9"
"2019","UHF 42","104","4","1","Bronx","Pelham - Throgs Neck","Pelham - Throgs Neck  Bronx","2,463","101.7","102.3"
"2019","UHF 42","207","4","2","Brooklyn","East Flatbush - Flatbush","East Flatbush - Flatbush  Brooklyn","2,206","90.1","92.1"
"2019","UHF 42","502","4","5","Staten Island","Stapleton - St. George","Stapleton - St. George  Staten Island","835","81.0","86.3"
"2019","UHF 42","208","4","2","Brooklyn","Canarsie - Flatlands","Canarsie - Flatlands  Brooklyn","1,340","78.7","81.3"
"2019","UHF 42","408","4","4","Queens","Jamaica","Jamaica  Queens","1,898","72.0","72.8"
"2019","UHF 42","309","4","3","Manhattan","Union Square - Lower East Side","Union Square - Lower East Side  Manhattan","1,135","65.5","67.3"
"2019","UHF 42","202","4","2","Brooklyn","Downtown - Heights - Slope","Downtown - Heights - Slope  Brooklyn","1,131","51.1","57.2"
"2019","UHF 42","301","4","3","Manhattan","Washington Heights","Washington Heights  Manhattan","1,279","55.3","55.6"
"2019","UHF 42","310","4","3","Manhattan","Lower Manhattan","Lower Manhattan  Manhattan","235","40.0","47.7"
"2019","UHF 42","409","4","4","Queens","Southeast Queens","Southeast Queens  Queens","810","44.7","47.6"
"2019","UHF 42","407","4","4","Queens","Southwest Queens","Southwest Queens  Queens","1,026","45.1","45.3"
"2019","UHF 42","401","4","4","Queens","Long Island City - Astoria","Long Island City - Astoria  Queens","740","41.3","44.6"
"2019","UHF 42","101","4","1","Bronx","Kingsbridge - Riverdale","Kingsbridge - Riverdale  Bronx","331","42.0","44.0"
"2019","UHF 42","201","4","2","Brooklyn","Greenpoint","Greenpoint  Brooklyn","429","36.6","43.2"
"2019","UHF 42","210","4","2","Brooklyn","Coney Island - Sheepshead Bay","Coney Island - Sheepshead Bay  Brooklyn","977","40.3","43.2"
"2019","UHF 42","306","4","3","Manhattan","Chelsea - Clinton","Chelsea - Clinton  Manhattan","650","41.1","43.2"
"2019","UHF 42","205","4","2","Brooklyn","Sunset Park","Sunset Park  Brooklyn","395","40.7","41.9"
"2019","UHF 42","304","4","3","Manhattan","Upper West Side","Upper West Side  Manhattan","762","38.9","41.3"
"2019","UHF 42","402","4","4","Queens","West Queens","West Queens  Queens","1,249","33.2","33.6"
"2019","UHF 42","503","4","5","Staten Island","Willowbrook","Willowbrook  Staten Island","240","31.3","33.0"
"2019","UHF 42","406","4","4","Queens","Fresh Meadows","Fresh Meadows  Queens","234","28.5","29.1"
"2019","UHF 42","405","4","4","Queens","Ridgewood - Forest Hills","Ridgewood - Forest Hills  Queens","606","27.6","28.9"
"2019","UHF 42","307","4","3","Manhattan","Gramercy Park - Murray Hill","Gramercy Park - Murray Hill  Manhattan","297","22.6","24.7"
"2019","UHF 42","206","4","2","Brooklyn","Borough Park","Borough Park  Brooklyn","520","21.6","21.7"
"2019","UHF 42","209","4","2","Brooklyn","Bensonhurst - Bay Ridge","Bensonhurst - Bay Ridge  Brooklyn","357","20.8","21.0"
"2019","UHF 42","504","4","5","Staten Island","South Beach - Tottenville","South Beach - Tottenville  Staten Island","304","18.9","19.7"
"2019","UHF 42","403","4","4","Queens","Flushing - Clearview","Flushing - Clearview  Queens","395","18.1","19.6"
"2019","UHF 42","305","4","3","Manhattan","Upper East Side","Upper East Side  Manhattan","316","16.4","19.4"
"2019","UHF 42","308","4","3","Manhattan","Greenwich Village - SoHo","Greenwich Village - SoHo  Manhattan","97","12.6","12.9"
"2019","UHF 42","404","4","4","Queens","Bayside - Little Neck","Bayside - Little Neck  Queens","83","11.1","11.7"
"2019","Community District","201","6","1","Bronx","Mott Haven and Melrose (CD1)","Mott Haven and Melrose (CD1)  Bronx","2,218","300.6","300.2"
"2019","Community District","110","6","3","Manhattan","Central Harlem (CD10)","Central Harlem (CD10)  Manhattan","2,568","272.6","274.7"
"2019","Community District","111","6","3","Manhattan","East Harlem (CD11)","East Harlem (CD11)  Manhattan","2,447","242.5","246.2"
"2019","Community District","316","6","2","Brooklyn","Brownsville (CD16)","Brownsville (CD16)  Brooklyn","1,469","235.4","237.6"
"2019","Community District","206","6","1","Bronx","Belmont and East Tremont (CD6)","Belmont and East Tremont (CD6)  Bronx","1,519","235.6","235.7"
"2019","Community District","203","6","1","Bronx","Morrisania and Crotona (CD3)","Morrisania and Crotona (CD3)  Bronx","1,517","226.0","222.2"
"2019","Community District","202","6","1","Bronx","Hunts Point and Longwood (CD2)","Hunts Point and Longwood (CD2)  Bronx","764","180.7","180.5"
"2019","Community District","204","6","1","Bronx","Highbridge and Concourse (CD4)","Highbridge and Concourse (CD4)  Bronx","2,151","181.3","179.0"
"2019","Community District","305","6","2","Brooklyn","East New York and Starrett City (CD5)","East New York and Starrett City (CD5)  Brooklyn","2,293","170.7","171.4"
"2019","Community District","303","6","2","Brooklyn","Bedford Stuyvesant (CD3)","Bedford Stuyvesant (CD3)  Brooklyn","1,950","164.7","166.8"
"2019","Community District","212","6","1","Bronx","Williamsbridge and Baychester (CD12)","Williamsbridge and Baychester (CD12)  Bronx","1,985","161.1","163.8"
"2019","Community District","205","6","1","Bronx","Fordham and University Heights (CD5)","Fordham and University Heights (CD5)  Bronx","1,573","154.4","153.6"
"2019","Community District","414","6","4","Queens","Rockaway and Broad Channel (CD14)","Rockaway and Broad Channel (CD14)  Queens","1,008","116.8","121.9"
"2019","Community District","209","6","1","Bronx","Parkchester and Soundview (CD9)","Parkchester and Soundview (CD9)  Bronx","11","118.3","117.8"
"2019","Community District","317","6","2","Brooklyn","East Flatbush (CD17)","East Flatbush (CD17)  Brooklyn","1,422","113.0","117.8"
"2019","Community District","207","6","1","Bronx","Kingsbridge Heights and Bedford (CD7)","Kingsbridge Heights and Bedford (CD7)  Bronx","1,330","116.1","115.2"
"2019","Community District","304","6","2","Brooklyn","Bushwick (CD4)","Bushwick (CD4)  Brooklyn","960","110.5","112.4"
"2019","Community District","308","6","2","Brooklyn","Crown Heights and Prospect Heights (CD8)","Crown Heights and Prospect Heights (CD8)  Brooklyn","846","105.5","109.0"
"2019","Community District","501","6","5","Staten Island","St. George and Stapleton (CD1)","St. George and Stapleton (CD1)  Staten Island","1,402","94.8","97.3"
"2019","Community District","309","6","2","Brooklyn","South Crown Heights and Lefferts Gardens (CD9)","South Crown Heights and Lefferts Gardens (CD9)  Brooklyn","731","91.8","94.2"
"2019","Community District","211","6","1","Bronx","Morris Park and Bronxdale (CD11)","Morris Park and Bronxdale (CD11)  Bronx","850","90.9","94.1"
"2019","Community District","412","6","4","Queens","Jamaica and Hollis (CD12)","Jamaica and Hollis (CD12)  Queens","1,724","92.4","93.4"
"2019","Community District","109","6","3","Manhattan","Morningside Heights and Hamilton Heights (CD9)","Morningside Heights and Hamilton Heights (CD9)  Manhattan","792","83.5","85.0"
"2019","Community District","103","6","3","Manhattan","Lower East Side and Chinatown (CD3)","Lower East Side and Chinatown (CD3)  Manhattan","1,222","79.2","81.0"
"2019","Community District","313","6","2","Brooklyn","Coney Island (CD13)","Coney Island (CD13)  Brooklyn","654","71.7","79.7"
"2019","Community District","318","6","2","Brooklyn","Flatlands and Canarsie (CD18)","Flatlands and Canarsie (CD18)  Brooklyn","1,189","78.0","79.5"
"2019","Community District","210","6","1","Bronx","Throgs Neck and Co-op City (CD10)","Throgs Neck and Co-op City (CD10)  Bronx","731","72.0","75.4"
"2019","Community District","301","6","2","Brooklyn","Greenpoint and Williamsburg (CD1)","Greenpoint and Williamsburg (CD1)  Brooklyn","863","54.5","63.5"
"2019","Community District","302","6","2","Brooklyn","Fort Greene and Brooklyn Heights (CD2)","Fort Greene and Brooklyn Heights (CD2)  Brooklyn","682","57.3","63.0"
"2019","Community District","314","6","2","Brooklyn","Flatbush and Midwood (CD14)","Flatbush and Midwood (CD14)  Brooklyn","763","59.2","59.6"
"2019","Community District","112","6","3","Manhattan","Washington Heights and Inwood (CD12)","Washington Heights and Inwood (CD12)  Manhattan","918","56.0","56.3"
"2019","Community District","413","6","4","Queens","Queens Village (CD13)","Queens Village (CD13)  Queens","790","49.6","52.7"
"2019","Community District","306","6","2","Brooklyn","Park Slope and Carroll Gardens (CD6)","Park Slope and Carroll Gardens (CD6)  Brooklyn","394","42.1","50.6"
"2019","Community District","410","6","4","Queens","South Ozone Park and Howard Beach (CD10)","South Ozone Park and Howard Beach (CD10)  Queens","494","49.6","50.3"
"2019","Community District","208","6","1","Bronx","Riverdale and Fieldston (CD8)","Riverdale and Fieldston (CD8)  Bronx","383","44.8","46.6"
"2019","Community District","409","6","4","Queens","Kew Gardens and Woodhaven (CD9)","Kew Gardens and Woodhaven (CD9)  Queens","537","46.7","46.6"
"2019","Community District","401","6","4","Queens","Long Island City and Astoria (CD1)","Long Island City and Astoria (CD1)  Queens","722","42.6","44.4"
"2019","Community District","307","6","2","Brooklyn","Sunset Park (CD7)","Sunset Park (CD7)  Brooklyn","425","40.2","42.6"
"2019","Community District","107","6","3","Manhattan","Upper West Side (CD7)","Upper West Side (CD7)  Manhattan","732","38.9","42.3"
"2019","Community District","104","6","3","Manhattan","Clinton and Chelsea (CD4)","Clinton and Chelsea (CD4)  Manhattan","533","38.2","40.4"
"2019","Community District","405","6","4","Queens","Ridgewood and Maspeth (CD5)","Ridgewood and Maspeth (CD5)  Queens","500","38.6","39.3"
"2019","Community District","502","6","5","Staten Island","South Beach and Willowbrook (CD2)","South Beach and Willowbrook (CD2)  Staten Island","404","34.8","37.4"
"2019","Community District","404","6","4","Queens","Elmhurst and Corona (CD4)","Elmhurst and Corona (CD4)  Queens","504","33.5","33.7"
"2019","Community District","408","6","4","Queens","Hillcrest and Fresh Meadows (CD8)","Hillcrest and Fresh Meadows (CD8)  Queens","408","32.2","33.0"
"2019","Community District","403","6","4","Queens","Jackson Heights (CD3)","Jackson Heights (CD3)  Queens","440","30.8","31.5"
"2019","Community District","105","6","3","Manhattan","Midtown (CD5)","Midtown (CD5)  Manhattan","153","25.8","28.3"
"2019","Community District","101","6","3","Manhattan","Financial District (CD1)","Financial District (CD1)  Manhattan","124","21.9","27.4"
"2019","Community District","106","6","3","Manhattan","Stuyvesant Town and Turtle Bay (CD6)","Stuyvesant Town and Turtle Bay (CD6)  Manhattan","301","22.0","23.6"
"2019","Community District","315","6","2","Brooklyn","Sheepshead Bay (CD15)","Sheepshead Bay (CD15)  Brooklyn","308","21.7","22.6"
"2019","Community District","310","6","2","Brooklyn","Bay Ridge and Dyker Heights (CD10)","Bay Ridge and Dyker Heights (CD10)  Brooklyn","238","20.3","20.7"
"2019","Community District","406","6","4","Queens","Rego Park and Forest Hills (CD6)","Rego Park and Forest Hills (CD6)  Queens","183","18.7","20.4"
"2019","Community District","402","6","4","Queens","Woodside and Sunnyside (CD2)","Woodside and Sunnyside (CD2)  Queens","243","18.6","19.9"
"2019","Community District","407","6","4","Queens","Flushing and Whitestone (CD7)","Flushing and Whitestone (CD7)  Queens","390","17.4","18.8"
"2019","Community District","108","6","3","Manhattan","Upper East Side (CD8)","Upper East Side (CD8)  Manhattan","312","15.6","18.5"
"2019","Community District","312","6","2","Brooklyn","Borough Park (CD12)","Borough Park (CD12)  Brooklyn","246","18.1","18.3"
"2019","Community District","503","6","5","Staten Island","Tottenville and Great Kills (CD3)","Tottenville and Great Kills (CD3)  Staten Island","228","17.5","18.2"
"2019","Community District","311","6","2","Brooklyn","Bensonhurst (CD11)","Bensonhurst (CD11)  Brooklyn","265","15.7","16.0"
"2019","Community District","411","6","4","Queens","Bayside and Little Neck (CD11)","Bayside and Little Neck (CD11)  Queens","103","10.5","11.0"
"2019","Community District","102","6","3","Manhattan","Greenwich Village and Soho (CD2)","Greenwich Village and Soho (CD2)  Manhattan","81","9.5","9.7"
"2018","Citywide","1","0","-","-","New York City","New York City","58,907","88.4","89.9"
"2018","Borough","1","1","1","Bronx","Bronx","Bronx","18,641","172.8","172.4"
"2018","Borough","2","1","2","Brooklyn","Brooklyn","Brooklyn","18,211","91.2","93.2"
"2018","Borough","3","1","3","Manhattan","Manhattan","Manhattan","11,725","84.0","86.8"
"2018","Borough","5","1","5","Staten Island","Staten Island","Staten Island","2,246","60.2","64.0"
"2018","Borough","4","1","4","Queens","Queens","Queens","8,084","44.4","45.3"
"2018","UHF 42","303","4","3","Manhattan","East Harlem","East Harlem  Manhattan","2,399","263.6","262.4"
"2018","UHF 42","107","4","1","Bronx","Hunts Point - Mott Haven","Hunts Point - Mott Haven  Bronx","2,629","258.1","256.0"
"2018","UHF 42","106","4","1","Bronx","High Bridge - Morrisania","High Bridge - Morrisania  Bronx","3,832","241.8","235.8"
"2018","UHF 42","105","4","1","Bronx","Crotona -Tremont","Crotona -Tremont  Bronx","3,512","228.2","224.2"
"2018","UHF 42","302","4","3","Manhattan","Central Harlem - Morningside Heights","Central Harlem - Morningside Heights  Manhattan","3,233","221.8","218.6"
"2018","UHF 42","204","4","2","Brooklyn","East New York","East New York  Brooklyn","2,561","185.1","183.1"
"2018","UHF 42","203","4","2","Brooklyn","Bedford Stuyvesant - Crown Heights","Bedford Stuyvesant - Crown Heights  Brooklyn","4,414","173.2","175.2"
"2018","UHF 42","211","4","2","Brooklyn","Williamsburg - Bushwick","Williamsburg - Bushwick  Brooklyn","2,469","149.3","158.7"
"2018","UHF 42","103","4","1","Bronx","Fordham - Bronx Pk","Fordham - Bronx Pk  Bronx","3,067","155.3","155.8"
"2018","UHF 42","501","4","5","Staten Island","Port Richmond","Port Richmond  Staten Island","690","137.2","135.3"
"2018","UHF 42","102","4","1","Bronx","Northeast Bronx","Northeast Bronx  Bronx","1,957","122.1","125.7"
"2018","UHF 42","207","4","2","Brooklyn","East Flatbush - Flatbush","East Flatbush - Flatbush  Brooklyn","2,608","111.2","117.5"
"2018","UHF 42","104","4","1","Bronx","Pelham - Throgs Neck","Pelham - Throgs Neck  Bronx","2,572","110.6","112.1"
"2018","UHF 42","410","4","4","Queens","Rockaways","Rockaways  Queens","983","104.6","110.4"
"2018","UHF 42","502","4","5","Staten Island","Stapleton - St. George","Stapleton - St. George  Staten Island","864","89.0","95.5"
"2018","UHF 42","208","4","2","Brooklyn","Canarsie - Flatlands","Canarsie - Flatlands  Brooklyn","1,304","80.3","84.2"
"2018","UHF 42","309","4","3","Manhattan","Union Square - Lower East Side","Union Square - Lower East Side  Manhattan","1,253","76.2","78.8"
"2018","UHF 42","301","4","3","Manhattan","Washington Heights","Washington Heights  Manhattan","1,629","73.6","75.3"
"2018","UHF 42","202","4","2","Brooklyn","Downtown - Heights - Slope","Downtown - Heights - Slope  Brooklyn","1,336","63.9","71.3"
"2018","UHF 42","408","4","4","Queens","Jamaica","Jamaica  Queens","1,555","62.5","62.3"
"2018","UHF 42","101","4","1","Bronx","Kingsbridge - Riverdale","Kingsbridge - Riverdale  Bronx","412","55.0","60.2"
"2018","UHF 42","310","4","3","Manhattan","Lower Manhattan","Lower Manhattan  Manhattan","247","47.7","56.7"
"2018","UHF 42","304","4","3","Manhattan","Upper West Side","Upper West Side  Manhattan","982","52.8","56.0"
"2018","UHF 42","306","4","3","Manhattan","Chelsea - Clinton","Chelsea - Clinton  Manhattan","688","47.0","52.2"
"2018","UHF 42","201","4","2","Brooklyn","Greenpoint","Greenpoint  Brooklyn","458","42.6","51.5"
"2018","UHF 42","401","4","4","Queens","Long Island City - Astoria","Long Island City - Astoria  Queens","825","46.7","51.3"
"2018","UHF 42","210","4","2","Brooklyn","Coney Island - Sheepshead Bay","Coney Island - Sheepshead Bay  Brooklyn","1,059","45.8","47.3"
"2018","UHF 42","205","4","2","Brooklyn","Sunset Park","Sunset Park  Brooklyn","429","45.3","46.8"
"2018","UHF 42","407","4","4","Queens","Southwest Queens","Southwest Queens  Queens","987","45.3","45.4"
"2018","UHF 42","409","4","4","Queens","Southeast Queens","Southeast Queens  Queens","721","42.1","43.9"
"2018","UHF 42","503","4","5","Staten Island","Willowbrook","Willowbrook  Staten Island","281","38.3","42.1"
"2018","UHF 42","307","4","3","Manhattan","Gramercy Park - Murray Hill","Gramercy Park - Murray Hill  Manhattan","401","33.4","39.3"
"2018","UHF 42","402","4","4","Queens","West Queens","West Queens  Queens","1,347","37.5","37.8"
"2018","UHF 42","406","4","4","Queens","Fresh Meadows","Fresh Meadows  Queens","253","32.2","33.8"
"2018","UHF 42","405","4","4","Queens","Ridgewood - Forest Hills","Ridgewood - Forest Hills  Queens","645","31.3","32.9"
"2018","UHF 42","206","4","2","Brooklyn","Borough Park","Borough Park  Brooklyn","653","28.0","28.3"
"2018","UHF 42","504","4","5","Staten Island","South Beach - Tottenville","South Beach - Tottenville  Staten Island","375","24.6","26.6"
"2018","UHF 42","209","4","2","Brooklyn","Bensonhurst - Bay Ridge","Bensonhurst - Bay Ridge  Brooklyn","337","20.5","20.9"
"2018","UHF 42","403","4","4","Queens","Flushing - Clearview","Flushing - Clearview  Queens","410","19.6","20.5"
"2018","UHF 42","305","4","3","Manhattan","Upper East Side","Upper East Side  Manhattan","299","16.3","18.0"
"2018","UHF 42","308","4","3","Manhattan","Greenwich Village - SoHo","Greenwich Village - SoHo  Manhattan","102","14.0","14.3"
"2018","UHF 42","404","4","4","Queens","Bayside - Little Neck","Bayside - Little Neck  Queens","92","12.9","14.0"
"2017","Citywide","1","0","-","-","New York City","New York City","61,909","92.5","-"
"2016","Citywide","1","0","-","-","New York City","New York City","66,229","98.1","99.1"
"2016","Borough","1","1","1","Bronx","Bronx","Bronx","21,089","193.5","192.4"
"2016","Borough","2","1","2","Brooklyn","Brooklyn","Brooklyn","20,608","101.7","103.1"
"2016","Borough","3","1","3","Manhattan","Manhattan","Manhattan","12,872","91.7","95.5"
"2016","Borough","5","1","5","Staten Island","Staten Island","Staten Island","2,062","55.5","59.1"
"2016","Borough","4","1","4","Queens","Queens","Queens","9,598","51.6","52.3"
"2016","UHF 42","303","4","3","Manhattan","East Harlem","East Harlem  Manhattan","2,806","314.5","317.4"
"2016","UHF 42","107","4","1","Bronx","Hunts Point - Mott Haven","Hunts Point - Mott Haven  Bronx","3,244","309.5","309.1"
"2016","UHF 42","106","4","1","Bronx","High Bridge - Morrisania","High Bridge - Morrisania  Bronx","4,507","280.4","275.3"
"2016","UHF 42","302","4","3","Manhattan","Central Harlem - Morningside Heights","Central Harlem - Morningside Heights  Manhattan","3,761","266.5","269.4"
"2016","UHF 42","105","4","1","Bronx","Crotona -Tremont","Crotona -Tremont  Bronx","3,901","247.4","244.1"
"2016","UHF 42","203","4","2","Brooklyn","Bedford Stuyvesant - Crown Heights","Bedford Stuyvesant - Crown Heights  Brooklyn","5,327","208.5","209.2"
"2016","UHF 42","211","4","2","Brooklyn","Williamsburg - Bushwick","Williamsburg - Bushwick  Brooklyn","3,302","199.9","206.8"
"2016","UHF 42","204","4","2","Brooklyn","East New York","East New York  Brooklyn","2,840","208.4","205.5"
"2016","UHF 42","103","4","1","Bronx","Fordham - Bronx Pk","Fordham - Bronx Pk  Bronx","3,560","184.4","182.1"
"2016","UHF 42","102","4","1","Bronx","Northeast Bronx","Northeast Bronx  Bronx","2,231","139.1","145.7"
"2016","UHF 42","104","4","1","Bronx","Pelham - Throgs Neck","Pelham - Throgs Neck  Bronx","3,250","136.4","136.8"
"2016","UHF 42","207","4","2","Brooklyn","East Flatbush - Flatbush","East Flatbush - Flatbush  Brooklyn","2,885","122.2","123.7"
"2016","UHF 42","501","4","5","Staten Island","Port Richmond","Port Richmond  Staten Island","604","121.5","121.0"
"2016","UHF 42","410","4","4","Queens","Rockaways","Rockaways  Queens","1,032","115.6","119.9"
"2016","UHF 42","208","4","2","Brooklyn","Canarsie - Flatlands","Canarsie - Flatlands  Brooklyn","1,535","95.2","98.6"
"2016","UHF 42","502","4","5","Staten Island","Stapleton - St. George","Stapleton - St. George  Staten Island","835","85.5","90.5"
"2016","UHF 42","301","4","3","Manhattan","Washington Heights","Washington Heights  Manhattan","1,973","89.9","90.4"
"2016","UHF 42","408","4","4","Queens","Jamaica","Jamaica  Queens","2,151","86.4","88.0"
"2016","UHF 42","309","4","3","Manhattan","Union Square - Lower East Side","Union Square - Lower East Side  Manhattan","1,348","77.5","81.1"
"2016","UHF 42","101","4","1","Bronx","Kingsbridge - Riverdale","Kingsbridge - Riverdale  Bronx","559","75.0","78.3"
"2016","UHF 42","202","4","2","Brooklyn","Downtown - Heights - Slope","Downtown - Heights - Slope  Brooklyn","1,435","67.3","77.2"
"2016","UHF 42","401","4","4","Queens","Long Island City - Astoria","Long Island City - Astoria  Queens","1,120","61.5","68.9"
"2016","UHF 42","201","4","2","Brooklyn","Greenpoint","Greenpoint  Brooklyn","602","54.3","65.8"
"2016","UHF 42","304","4","3","Manhattan","Upper West Side","Upper West Side  Manhattan","1,159","61.7","64.2"
"2016","UHF 42","310","4","3","Manhattan","Lower Manhattan","Lower Manhattan  Manhattan","263","48.7","60.6"
"2016","UHF 42","409","4","4","Queens","Southeast Queens","Southeast Queens  Queens","937","54.9","57.7"
"2016","UHF 42","210","4","2","Brooklyn","Coney Island - Sheepshead Bay","Coney Island - Sheepshead Bay  Brooklyn","1,214","53.2","56.9"
"2016","UHF 42","306","4","3","Manhattan","Chelsea - Clinton","Chelsea - Clinton  Manhattan","687","47.5","51.0"
"2016","UHF 42","407","4","4","Queens","Southwest Queens","Southwest Queens  Queens","1,147","50.6","50.4"
"2016","UHF 42","205","4","2","Brooklyn","Sunset Park","Sunset Park  Brooklyn","497","48.5","49.8"
"2016","UHF 42","307","4","3","Manhattan","Gramercy Park - Murray Hill","Gramercy Park - Murray Hill  Manhattan","456","37.5","43.0"
"2016","UHF 42","402","4","4","Queens","West Queens","West Queens  Queens","1,558","41.0","41.2"
"2016","UHF 42","406","4","4","Queens","Fresh Meadows","Fresh Meadows  Queens","318","39.9","40.6"
"2016","UHF 42","405","4","4","Queens","Ridgewood - Forest Hills","Ridgewood - Forest Hills  Queens","777","38.3","40.5"
"2016","UHF 42","503","4","5","Staten Island","Willowbrook","Willowbrook  Staten Island","210","29.7","32.1"
"2016","UHF 42","504","4","5","Staten Island","South Beach - Tottenville","South Beach - Tottenville  Staten Island","415","27.0","29.0"
"2016","UHF 42","206","4","2","Brooklyn","Borough Park","Borough Park  Brooklyn","668","27.2","27.5"
"2016","UHF 42","403","4","4","Queens","Flushing - Clearview","Flushing - Clearview  Queens","511","23.3","24.6"
"2016","UHF 42","209","4","2","Brooklyn","Bensonhurst - Bay Ridge","Bensonhurst - Bay Ridge  Brooklyn","402","23.5","23.7"
"2016","UHF 42","305","4","3","Manhattan","Upper East Side","Upper East Side  Manhattan","340","18.2","20.3"
"2016","UHF 42","308","4","3","Manhattan","Greenwich Village - SoHo","Greenwich Village - SoHo  Manhattan","128","17.6","17.9"
"2016","UHF 42","404","4","4","Queens","Bayside - Little Neck","Bayside - Little Neck  Queens","119","16.1","16.7"
"2015","Citywide","1","0","-","-","New York City","New York City","","",""
"2014","Citywide","1","0","-","-","New York City","New York City","76,396","114.3","114.7"
"2014","Borough","1","1","1","Bronx","Bronx","Bronx","24,306","226.8","225.1"
"2014","Borough","2","1","2","Brooklyn","Brooklyn","Brooklyn","23,972","119.4","120.2"
"2014","Borough","3","1","3","Manhattan","Manhattan","Manhattan","14,294","102.4","106.6"
"2014","Borough","5","1","5","Staten Island","Staten Island","Staten Island","2,626","71.3","73.7"
"2014","Borough","4","1","4","Queens","Queens","Queens","11,198","60.7","60.7"
"2014","UHF 42","303","4","3","Manhattan","East Harlem","East Harlem  Manhattan","2,990","336.2","339.7"
"2014","UHF 42","107","4","1","Bronx","Hunts Point - Mott Haven","Hunts Point - Mott Haven  Bronx","3,463","338.3","337.7"
"2014","UHF 42","105","4","1","Bronx","Crotona -Tremont","Crotona -Tremont  Bronx","4,462","289.1","285.9"
"2014","UHF 42","106","4","1","Bronx","High Bridge - Morrisania","High Bridge - Morrisania  Bronx","4,473","284.3","279.3"
"2014","UHF 42","302","4","3","Manhattan","Central Harlem - Morningside Heights","Central Harlem - Morningside Heights  Manhattan","3,720","263.3","267.8"
"2014","UHF 42","211","4","2","Brooklyn","Williamsburg - Bushwick","Williamsburg - Bushwick  Brooklyn","3,849","233.1","247.0"
"2014","UHF 42","204","4","2","Brooklyn","East New York","East New York  Brooklyn","3,393","248.1","243.1"
"2014","UHF 42","203","4","2","Brooklyn","Bedford Stuyvesant - Crown Heights","Bedford Stuyvesant - Crown Heights  Brooklyn","6,007","235.2","235.4"
"2014","UHF 42","103","4","1","Bronx","Fordham - Bronx Pk","Fordham - Bronx Pk  Bronx","4,119","217.5","216.1"
"2014","UHF 42","102","4","1","Bronx","Northeast Bronx","Northeast Bronx  Bronx","2,615","165.3","170.7"
"2014","UHF 42","104","4","1","Bronx","Pelham - Throgs Neck","Pelham - Throgs Neck  Bronx","3,850","164.1","163.3"
"2014","UHF 42","501","4","5","Staten Island","Port Richmond","Port Richmond  Staten Island","739","151.5","148.4"
"2014","UHF 42","410","4","4","Queens","Rockaways","Rockaways  Queens","1,118","124.7","126.0"
"2014","UHF 42","207","4","2","Brooklyn","East Flatbush - Flatbush","East Flatbush - Flatbush  Brooklyn","2,954","125.3","125.9"
"2014","UHF 42","502","4","5","Staten Island","Stapleton - St. George","Stapleton - St. George  Staten Island","1,052","109.4","111.4"
"2014","UHF 42","301","4","3","Manhattan","Washington Heights","Washington Heights  Manhattan","2,192","100.2","100.8"
"2014","UHF 42","408","4","4","Queens","Jamaica","Jamaica  Queens","2,496","101.4","100.8"
"2014","UHF 42","208","4","2","Brooklyn","Canarsie - Flatlands","Canarsie - Flatlands  Brooklyn","1,601","99.2","99.8"
"2014","UHF 42","309","4","3","Manhattan","Union Square - Lower East Side","Union Square - Lower East Side  Manhattan","1,487","86.1","90.3"
"2014","UHF 42","202","4","2","Brooklyn","Downtown - Heights - Slope","Downtown - Heights - Slope  Brooklyn","1,516","73.4","81.6"
"2014","UHF 42","101","4","1","Bronx","Kingsbridge - Riverdale","Kingsbridge - Riverdale  Bronx","527","71.0","74.6"
"2014","UHF 42","201","4","2","Brooklyn","Greenpoint","Greenpoint  Brooklyn","643","59.7","73.5"
"2014","UHF 42","407","4","4","Queens","Southwest Queens","Southwest Queens  Queens","1,509","67.2","67.5"
"2014","UHF 42","205","4","2","Brooklyn","Sunset Park","Sunset Park  Brooklyn","618","61.5","65.0"
"2014","UHF 42","310","4","3","Manhattan","Lower Manhattan","Lower Manhattan  Manhattan","246","47.0","62.6"
"2014","UHF 42","306","4","3","Manhattan","Chelsea - Clinton","Chelsea - Clinton  Manhattan","820","57.9","62.5"
"2014","UHF 42","401","4","4","Queens","Long Island City - Astoria","Long Island City - Astoria  Queens","1,024","56.7","62.1"
"2014","UHF 42","304","4","3","Manhattan","Upper West Side","Upper West Side  Manhattan","1,122","59.9","61.6"
"2014","UHF 42","409","4","4","Queens","Southeast Queens","Southeast Queens  Queens","1,013","59.9","61.6"
"2014","UHF 42","210","4","2","Brooklyn","Coney Island - Sheepshead Bay","Coney Island - Sheepshead Bay  Brooklyn","1,293","57.1","58.9"
"2014","UHF 42","307","4","3","Manhattan","Gramercy Park - Murray Hill","Gramercy Park - Murray Hill  Manhattan","587","48.8","56.5"
"2014","UHF 42","503","4","5","Staten Island","Willowbrook","Willowbrook  Staten Island","288","41.3","44.3"
"2014","UHF 42","405","4","4","Queens","Ridgewood - Forest Hills","Ridgewood - Forest Hills  Queens","873","42.8","43.8"
"2014","UHF 42","406","4","4","Queens","Fresh Meadows","Fresh Meadows  Queens","337","42.6","42.9"
"2014","UHF 42","402","4","4","Queens","West Queens","West Queens  Queens","1,556","41.3","41.8"
"2014","UHF 42","504","4","5","Staten Island","South Beach - Tottenville","South Beach - Tottenville  Staten Island","498","32.4","34.5"
"2014","UHF 42","206","4","2","Brooklyn","Borough Park","Borough Park  Brooklyn","829","34.1","34.3"
"2014","UHF 42","209","4","2","Brooklyn","Bensonhurst - Bay Ridge","Bensonhurst - Bay Ridge  Brooklyn","488","29.0","29.0"
"2014","UHF 42","403","4","4","Queens","Flushing - Clearview","Flushing - Clearview  Queens","624","29.0","28.6"
"2014","UHF 42","305","4","3","Manhattan","Upper East Side","Upper East Side  Manhattan","445","23.7","25.9"
"2014","UHF 42","404","4","4","Queens","Bayside - Little Neck","Bayside - Little Neck  Queens","144","19.6","19.3"
"2014","UHF 42","308","4","3","Manhattan","Greenwich Village - SoHo","Greenwich Village - SoHo  Manhattan","109","15.0","15.5"
"2013","Citywide","1","0","-","-","New York City","New York City","75,473","113.7","114.0"
"2013","Borough","1","1","1","Bronx","Bronx","Bronx","23,937","225.8","224.0"
"2013","Borough","2","1","2","Brooklyn","Brooklyn","Brooklyn","24,305","122.0","122.6"
"2013","Borough","3","1","3","Manhattan","Manhattan","Manhattan","13,586","97.7","101.6"
"2013","Borough","5","1","5","Staten Island","Staten Island","Staten Island","2,625","71.6","73.3"
"2013","Borough","4","1","4","Queens","Queens","Queens","11,020","60.3","60.3"
"2013","UHF 42","107","4","1","Bronx","Hunts Point - Mott Haven","Hunts Point - Mott Haven  Bronx","3,281","325.9","324.5"
"2013","UHF 42","303","4","3","Manhattan","East Harlem","East Harlem  Manhattan","2,810","316.8","319.8"
"2013","UHF 42","106","4","1","Bronx","High Bridge - Morrisania","High Bridge - Morrisania  Bronx","4,493","289.9","285.3"
"2013","UHF 42","105","4","1","Bronx","Crotona -Tremont","Crotona -Tremont  Bronx","4,306","283.3","281.8"
"2013","UHF 42","302","4","3","Manhattan","Central Harlem - Morningside Heights","Central Harlem - Morningside Heights  Manhattan","3,731","263.7","267.3"
"2013","UHF 42","211","4","2","Brooklyn","Williamsburg - Bushwick","Williamsburg - Bushwick  Brooklyn","3,992","242.8","256.9"
"2013","UHF 42","203","4","2","Brooklyn","Bedford Stuyvesant - Crown Heights","Bedford Stuyvesant - Crown Heights  Brooklyn","5,921","232.8","232.4"
"2013","UHF 42","204","4","2","Brooklyn","East New York","East New York  Brooklyn","3,204","234.8","229.1"
"2013","UHF 42","103","4","1","Bronx","Fordham - Bronx Pk","Fordham - Bronx Pk  Bronx","4,175","223.3","221.5"
"2013","UHF 42","102","4","1","Bronx","Northeast Bronx","Northeast Bronx  Bronx","2,526","161.2","166.5"
"2013","UHF 42","104","4","1","Bronx","Pelham - Throgs Neck","Pelham - Throgs Neck  Bronx","3,846","165.5","164.7"
"2013","UHF 42","207","4","2","Brooklyn","East Flatbush - Flatbush","East Flatbush - Flatbush  Brooklyn","3,274","139.5","139.9"
"2013","UHF 42","501","4","5","Staten Island","Port Richmond","Port Richmond  Staten Island","680","140.8","137.9"
"2013","UHF 42","502","4","5","Staten Island","Stapleton - St. George","Stapleton - St. George  Staten Island","1,047","109.7","110.9"
"2013","UHF 42","410","4","4","Queens","Rockaways","Rockaways  Queens","928","103.6","106.0"
"2013","UHF 42","408","4","4","Queens","Jamaica","Jamaica  Queens","2,534","103.9","103.1"
"2013","UHF 42","208","4","2","Brooklyn","Canarsie - Flatlands","Canarsie - Flatlands  Brooklyn","1,499","93.1","93.9"
"2013","UHF 42","301","4","3","Manhattan","Washington Heights","Washington Heights  Manhattan","2,031","93.2","93.5"
"2013","UHF 42","202","4","2","Brooklyn","Downtown - Heights - Slope","Downtown - Heights - Slope  Brooklyn","1,633","80.5","87.8"
"2013","UHF 42","309","4","3","Manhattan","Union Square - Lower East Side","Union Square - Lower East Side  Manhattan","1,437","83.4","87.7"
"2013","UHF 42","205","4","2","Brooklyn","Sunset Park","Sunset Park  Brooklyn","778","78.4","83.3"
"2013","UHF 42","201","4","2","Brooklyn","Greenpoint","Greenpoint  Brooklyn","702","66.3","82.2"
"2013","UHF 42","101","4","1","Bronx","Kingsbridge - Riverdale","Kingsbridge - Riverdale  Bronx","556","75.0","76.2"
"2013","UHF 42","401","4","4","Queens","Long Island City - Astoria","Long Island City - Astoria  Queens","1,129","63.1","68.7"
"2013","UHF 42","407","4","4","Queens","Southwest Queens","Southwest Queens  Queens","1,417","63.7","63.5"
"2013","UHF 42","409","4","4","Queens","Southeast Queens","Southeast Queens  Queens","987","58.8","60.6"
"2013","UHF 42","306","4","3","Manhattan","Chelsea - Clinton","Chelsea - Clinton  Manhattan","757","54.0","59.1"
"2013","UHF 42","210","4","2","Brooklyn","Coney Island - Sheepshead Bay","Coney Island - Sheepshead Bay  Brooklyn","1,296","57.6","57.9"
"2013","UHF 42","304","4","3","Manhattan","Upper West Side","Upper West Side  Manhattan","1,033","55.2","57.6"
"2013","UHF 42","307","4","3","Manhattan","Gramercy Park - Murray Hill","Gramercy Park - Murray Hill  Manhattan","556","46.5","53.6"
"2013","UHF 42","310","4","3","Manhattan","Lower Manhattan","Lower Manhattan  Manhattan","196","38.0","51.9"
"2013","UHF 42","406","4","4","Queens","Fresh Meadows","Fresh Meadows  Queens","396","50.4","51.7"
"2013","UHF 42","503","4","5","Staten Island","Willowbrook","Willowbrook  Staten Island","298","43.0","44.2"
"2013","UHF 42","402","4","4","Queens","West Queens","West Queens  Queens","1,545","41.5","42.0"
"2013","UHF 42","405","4","4","Queens","Ridgewood - Forest Hills","Ridgewood - Forest Hills  Queens","813","39.9","40.3"
"2013","UHF 42","504","4","5","Staten Island","South Beach - Tottenville","South Beach - Tottenville  Staten Island","520","33.9","35.8"
"2013","UHF 42","206","4","2","Brooklyn","Borough Park","Borough Park  Brooklyn","747","31.0","31.0"
"2013","UHF 42","209","4","2","Brooklyn","Bensonhurst - Bay Ridge","Bensonhurst - Bay Ridge  Brooklyn","507","30.4","30.1"
"2013","UHF 42","403","4","4","Queens","Flushing - Clearview","Flushing - Clearview  Queens","623","29.3","29.9"
"2013","UHF 42","305","4","3","Manhattan","Upper East Side","Upper East Side  Manhattan","398","21.2","21.9"
"2013","UHF 42","404","4","4","Queens","Bayside - Little Neck","Bayside - Little Neck  Queens","137","18.8","19.3"
"2013","UHF 42","308","4","3","Manhattan","Greenwich Village - SoHo","Greenwich Village - SoHo  Manhattan","85","11.7","12.6"
"2012","Citywide","1","0","-","-","New York City","New York City","77,792","118.2","118.3"
"2012","Borough","1","1","1","Bronx","Bronx","Bronx","23,063","220.2","218.1"
"2012","Borough","2","1","2","Brooklyn","Brooklyn","Brooklyn","25,438","129.0","129.3"
"2012","Borough","3","1","3","Manhattan","Manhattan","Manhattan","14,537","104.9","109.0"
"2012","Borough","5","1","5","Staten Island","Staten Island","Staten Island","3,069","84.3","85.9"
"2012","Borough","4","1","4","Queens","Queens","Queens","11,685","64.5","64.5"
"2012","UHF 42","303","4","3","Manhattan","East Harlem","East Harlem  Manhattan","2,880","325.6","327.1"
"2012","UHF 42","107","4","1","Bronx","Hunts Point - Mott Haven","Hunts Point - Mott Haven  Bronx","3,261","330.0","323.8"
"2012","UHF 42","105","4","1","Bronx","Crotona -Tremont","Crotona -Tremont  Bronx","4,457","298.3","296.3"
"2012","UHF 42","106","4","1","Bronx","High Bridge - Morrisania","High Bridge - Morrisania  Bronx","4,447","291.9","289.1"
"2012","UHF 42","302","4","3","Manhattan","Central Harlem - Morningside Heights","Central Harlem - Morningside Heights  Manhattan","3,938","277.9","279.9"
"2012","UHF 42","211","4","2","Brooklyn","Williamsburg - Bushwick","Williamsburg - Bushwick  Brooklyn","4,257","260.5","274.0"
"2012","UHF 42","203","4","2","Brooklyn","Bedford Stuyvesant - Crown Heights","Bedford Stuyvesant - Crown Heights  Brooklyn","6,088","241.1","239.6"
"2012","UHF 42","204","4","2","Brooklyn","East New York","East New York  Brooklyn","3,196","235.3","229.2"
"2012","UHF 42","103","4","1","Bronx","Fordham - Bronx Pk","Fordham - Bronx Pk  Bronx","3,676","199.4","199.4"
"2012","UHF 42","501","4","5","Staten Island","Port Richmond","Port Richmond  Staten Island","844","176.7","174.7"
"2012","UHF 42","104","4","1","Bronx","Pelham - Throgs Neck","Pelham - Throgs Neck  Bronx","3,767","163.6","162.3"
"2012","UHF 42","207","4","2","Brooklyn","East Flatbush - Flatbush","East Flatbush - Flatbush  Brooklyn","3,411","146.5","146.6"
"2012","UHF 42","102","4","1","Bronx","Northeast Bronx","Northeast Bronx  Bronx","2,084","134.3","137.6"
"2012","UHF 42","410","4","4","Queens","Rockaways","Rockaways  Queens","1,164","130.4","132.1"
"2012","UHF 42","502","4","5","Staten Island","Stapleton - St. George","Stapleton - St. George  Staten Island","1,177","124.5","126.0"
"2012","UHF 42","309","4","3","Manhattan","Union Square - Lower East Side","Union Square - Lower East Side  Manhattan","1,838","106.8","111.0"
"2012","UHF 42","408","4","4","Queens","Jamaica","Jamaica  Queens","2,547","105.7","105.3"
"2012","UHF 42","208","4","2","Brooklyn","Canarsie - Flatlands","Canarsie - Flatlands  Brooklyn","1,628","101.7","104.0"
"2012","UHF 42","301","4","3","Manhattan","Washington Heights","Washington Heights  Manhattan","2,120","97.7","98.2"
"2012","UHF 42","202","4","2","Brooklyn","Downtown - Heights - Slope","Downtown - Heights - Slope  Brooklyn","1,777","89.6","96.6"
"2012","UHF 42","205","4","2","Brooklyn","Sunset Park","Sunset Park  Brooklyn","824","84.3","89.8"
"2012","UHF 42","201","4","2","Brooklyn","Greenpoint","Greenpoint  Brooklyn","693","66.8","80.8"
"2012","UHF 42","101","4","1","Bronx","Kingsbridge - Riverdale","Kingsbridge - Riverdale  Bronx","534","72.1","73.6"
"2012","UHF 42","407","4","4","Queens","Southwest Queens","Southwest Queens  Queens","1,616","73.3","73.0"
"2012","UHF 42","401","4","4","Queens","Long Island City - Astoria","Long Island City - Astoria  Queens","1,135","64.0","69.2"
"2012","UHF 42","409","4","4","Queens","Southeast Queens","Southeast Queens  Queens","1,087","65.4","67.2"
"2012","UHF 42","304","4","3","Manhattan","Upper West Side","Upper West Side  Manhattan","1,108","59.4","61.9"
"2012","UHF 42","306","4","3","Manhattan","Chelsea - Clinton","Chelsea - Clinton  Manhattan","791","57.0","61.8"
"2012","UHF 42","310","4","3","Manhattan","Lower Manhattan","Lower Manhattan  Manhattan","244","47.9","61.7"
"2012","UHF 42","210","4","2","Brooklyn","Coney Island - Sheepshead Bay","Coney Island - Sheepshead Bay  Brooklyn","1,327","59.4","60.5"
"2012","UHF 42","406","4","4","Queens","Fresh Meadows","Fresh Meadows  Queens","414","53.1","54.9"
"2012","UHF 42","307","4","3","Manhattan","Gramercy Park - Murray Hill","Gramercy Park - Murray Hill  Manhattan","549","46.1","52.1"
"2012","UHF 42","504","4","5","Staten Island","South Beach - Tottenville","South Beach - Tottenville  Staten Island","688","44.9","45.9"
"2012","UHF 42","402","4","4","Queens","West Queens","West Queens  Queens","1,570","42.6","43.0"
"2012","UHF 42","405","4","4","Queens","Ridgewood - Forest Hills","Ridgewood - Forest Hills  Queens","830","40.8","41.5"
"2012","UHF 42","503","4","5","Staten Island","Willowbrook","Willowbrook  Staten Island","284","41.3","41.5"
"2012","UHF 42","206","4","2","Brooklyn","Borough Park","Borough Park  Brooklyn","926","38.8","38.9"
"2012","UHF 42","209","4","2","Brooklyn","Bensonhurst - Bay Ridge","Bensonhurst - Bay Ridge  Brooklyn","534","32.4","32.7"
"2012","UHF 42","403","4","4","Queens","Flushing - Clearview","Flushing - Clearview  Queens","620","29.5","30.1"
"2012","UHF 42","404","4","4","Queens","Bayside - Little Neck","Bayside - Little Neck  Queens","155","21.4","22.6"
"2012","UHF 42","305","4","3","Manhattan","Upper East Side","Upper East Side  Manhattan","386","20.6","21.5"
"2012","UHF 42","308","4","3","Manhattan","Greenwich Village - SoHo","Greenwich Village - SoHo  Manhattan","132","18.2","19.8"
"2011","Citywide","1","0","-","-","New York City","New York City","71,351","109.6","109.5"
"2011","Borough","1","1","1","Bronx","Bronx","Bronx","19,940","193.2","191.7"
"2011","Borough","2","1","2","Brooklyn","Brooklyn","Brooklyn","23,527","121.0","121.1"
"2011","Borough","3","1","3","Manhattan","Manhattan","Manhattan","13,959","101.7","105.1"
"2011","Borough","5","1","5","Staten Island","Staten Island","Staten Island","2,801","77.1","78.0"
"2011","Borough","4","1","4","Queens","Queens","Queens","11,124","62.0","61.8"
"2011","UHF 42","303","4","3","Manhattan","East Harlem","East Harlem  Manhattan","2,782","317.9","317.7"
"2011","UHF 42","105","4","1","Bronx","Crotona -Tremont","Crotona -Tremont  Bronx","4,426","302.3","301.3"
"2011","UHF 42","107","4","1","Bronx","Hunts Point - Mott Haven","Hunts Point - Mott Haven  Bronx","2,902","300.2","297.3"
"2011","UHF 42","106","4","1","Bronx","High Bridge - Morrisania","High Bridge - Morrisania  Bronx","3,937","263.4","262.8"
"2011","UHF 42","302","4","3","Manhattan","Central Harlem - Morningside Heights","Central Harlem - Morningside Heights  Manhattan","3,664","259.8","261.1"
"2011","UHF 42","211","4","2","Brooklyn","Williamsburg - Bushwick","Williamsburg - Bushwick  Brooklyn","3,782","233.8","246.3"
"2011","UHF 42","203","4","2","Brooklyn","Bedford Stuyvesant - Crown Heights","Bedford Stuyvesant - Crown Heights  Brooklyn","5,453","218.0","217.2"
"2011","UHF 42","204","4","2","Brooklyn","East New York","East New York  Brooklyn","2,926","216.9","212.2"
"2011","UHF 42","103","4","1","Bronx","Fordham - Bronx Pk","Fordham - Bronx Pk  Bronx","3,034","167.4","168.4"
"2011","UHF 42","501","4","5","Staten Island","Port Richmond","Port Richmond  Staten Island","756","158.7","156.1"
"2011","UHF 42","207","4","2","Brooklyn","East Flatbush - Flatbush","East Flatbush - Flatbush  Brooklyn","3,378","146.4","146.1"
"2011","UHF 42","104","4","1","Bronx","Pelham - Throgs Neck","Pelham - Throgs Neck  Bronx","3,135","137.8","136.4"
"2011","UHF 42","410","4","4","Queens","Rockaways","Rockaways  Queens","1,095","123.0","124.4"
"2011","UHF 42","502","4","5","Staten Island","Stapleton - St. George","Stapleton - St. George  Staten Island","1,083","115.1","115.2"
"2011","UHF 42","309","4","3","Manhattan","Union Square - Lower East Side","Union Square - Lower East Side  Manhattan","1,730","101.3","104.3"
"2011","UHF 42","208","4","2","Brooklyn","Canarsie - Flatlands","Canarsie - Flatlands  Brooklyn","1,624","102.2","104.2"
"2011","UHF 42","202","4","2","Brooklyn","Downtown - Heights - Slope","Downtown - Heights - Slope  Brooklyn","1,761","91.1","100.5"
"2011","UHF 42","408","4","4","Queens","Jamaica","Jamaica  Queens","2,387","100.1","99.4"
"2011","UHF 42","301","4","3","Manhattan","Washington Heights","Washington Heights  Manhattan","2,036","95.0","95.4"
"2011","UHF 42","102","4","1","Bronx","Northeast Bronx","Northeast Bronx  Bronx","1,380","89.8","89.2"
"2011","UHF 42","205","4","2","Brooklyn","Sunset Park","Sunset Park  Brooklyn","737","76.8","80.1"
"2011","UHF 42","201","4","2","Brooklyn","Greenpoint","Greenpoint  Brooklyn","662","65.4","76.3"
"2011","UHF 42","401","4","4","Queens","Long Island City - Astoria","Long Island City - Astoria  Queens","1,118","63.6","69.0"
"2011","UHF 42","409","4","4","Queens","Southeast Queens","Southeast Queens  Queens","1,101","66.8","69.0"
"2011","UHF 42","407","4","4","Queens","Southwest Queens","Southwest Queens  Queens","1,506","69.0","68.0"
"2011","UHF 42","101","4","1","Bronx","Kingsbridge - Riverdale","Kingsbridge - Riverdale  Bronx","481","65.2","67.3"
"2011","UHF 42","306","4","3","Manhattan","Chelsea - Clinton","Chelsea - Clinton  Manhattan","749","54.8","58.8"
"2011","UHF 42","210","4","2","Brooklyn","Coney Island - Sheepshead Bay","Coney Island - Sheepshead Bay  Brooklyn","1,240","56.2","57.2"
"2011","UHF 42","304","4","3","Manhattan","Upper West Side","Upper West Side  Manhattan","999","54.0","55.7"
"2011","UHF 42","310","4","3","Manhattan","Lower Manhattan","Lower Manhattan  Manhattan","239","47.8","55.1"
"2011","UHF 42","307","4","3","Manhattan","Gramercy Park - Murray Hill","Gramercy Park - Murray Hill  Manhattan","552","46.8","54.7"
"2011","UHF 42","406","4","4","Queens","Fresh Meadows","Fresh Meadows  Queens","359","46.4","47.4"
"2011","UHF 42","503","4","5","Staten Island","Willowbrook","Willowbrook  Staten Island","281","41.1","41.5"
"2011","UHF 42","402","4","4","Queens","West Queens","West Queens  Queens","1,447","39.6","40.3"
"2011","UHF 42","405","4","4","Queens","Ridgewood - Forest Hills","Ridgewood - Forest Hills  Queens","792","39.0","39.9"
"2011","UHF 42","504","4","5","Staten Island","South Beach - Tottenville","South Beach - Tottenville  Staten Island","599","39.2","39.6"
"2011","UHF 42","206","4","2","Brooklyn","Borough Park","Borough Park  Brooklyn","847","36.0","36.0"
"2011","UHF 42","403","4","4","Queens","Flushing - Clearview","Flushing - Clearview  Queens","615","29.6","29.8"
"2011","UHF 42","305","4","3","Manhattan","Upper East Side","Upper East Side  Manhattan","459","24.7","26.7"
"2011","UHF 42","209","4","2","Brooklyn","Bensonhurst - Bay Ridge","Bensonhurst - Bay Ridge  Brooklyn","424","26.2","26.4"
"2011","UHF 42","308","4","3","Manhattan","Greenwich Village - SoHo","Greenwich Village - SoHo  Manhattan","147","20.4","22.2"
"2011","UHF 42","404","4","4","Queens","Bayside - Little Neck","Bayside - Little Neck  Queens","126","17.5","17.4"
"2010","Citywide","1","0","-","-","New York City","New York City","69,536","107.4","107.2"
"2010","Borough","1","1","1","Bronx","Bronx","Bronx","20,451","200.7","199.0"
"2010","Borough","2","1","2","Brooklyn","Brooklyn","Brooklyn","22,587","115.7","115.7"
"2010","Borough","3","1","3","Manhattan","Manhattan","Manhattan","13,121","97.0","100.0"
"2010","Borough","5","1","5","Staten Island","Staten Island","Staten Island","2,755","76.5","78.1"
"2010","Borough","4","1","4","Queens","Queens","Queens","10,622","59.4","59.2"
"2010","UHF 42","105","4","1","Bronx","Crotona -Tremont","Crotona -Tremont  Bronx","4,459","309.6","308.0"
"2010","UHF 42","107","4","1","Bronx","Hunts Point - Mott Haven","Hunts Point - Mott Haven  Bronx","2,973","311.0","307.1"
"2010","UHF 42","303","4","3","Manhattan","East Harlem","East Harlem  Manhattan","2,579","299.5","299.0"
"2010","UHF 42","302","4","3","Manhattan","Central Harlem - Morningside Heights","Central Harlem - Morningside Heights  Manhattan","3,698","284.3","284.5"
"2010","UHF 42","106","4","1","Bronx","High Bridge - Morrisania","High Bridge - Morrisania  Bronx","4,059","274.3","271.0"
"2010","UHF 42","211","4","2","Brooklyn","Williamsburg - Bushwick","Williamsburg - Bushwick  Brooklyn","3,703","238.3","245.8"
"2010","UHF 42","203","4","2","Brooklyn","Bedford Stuyvesant - Crown Heights","Bedford Stuyvesant - Crown Heights  Brooklyn","5,426","224.3","221.9"
"2010","UHF 42","204","4","2","Brooklyn","East New York","East New York  Brooklyn","2,796","208.2","202.0"
"2010","UHF 42","103","4","1","Bronx","Fordham - Bronx Pk","Fordham - Bronx Pk  Bronx","3,131","170.0","170.2"
"2010","UHF 42","501","4","5","Staten Island","Port Richmond","Port Richmond  Staten Island","738","146.3","142.7"
"2010","UHF 42","104","4","1","Bronx","Pelham - Throgs Neck","Pelham - Throgs Neck  Bronx","3,244","143.4","142.0"
"2010","UHF 42","207","4","2","Brooklyn","East Flatbush - Flatbush","East Flatbush - Flatbush  Brooklyn","2,980","130.0","129.8"
"2010","UHF 42","410","4","4","Queens","Rockaways","Rockaways  Queens","967","115.0","117.1"
"2010","UHF 42","502","4","5","Staten Island","Stapleton - St. George","Stapleton - St. George  Staten Island","1,069","112.2","113.1"
"2010","UHF 42","408","4","4","Queens","Jamaica","Jamaica  Queens","2,373","107.3","106.5"
"2010","UHF 42","208","4","2","Brooklyn","Canarsie - Flatlands","Canarsie - Flatlands  Brooklyn","1,446","95.3","97.1"
"2010","UHF 42","301","4","3","Manhattan","Washington Heights","Washington Heights  Manhattan","1,893","94.1","94.0"
"2010","UHF 42","202","4","2","Brooklyn","Downtown - Heights - Slope","Downtown - Heights - Slope  Brooklyn","1,593","87.0","93.9"
"2010","UHF 42","102","4","1","Bronx","Northeast Bronx","Northeast Bronx  Bronx","1,359","92.4","92.9"
"2010","UHF 42","205","4","2","Brooklyn","Sunset Park","Sunset Park  Brooklyn","799","80.9","85.4"
"2010","UHF 42","309","4","3","Manhattan","Union Square - Lower East Side","Union Square - Lower East Side  Manhattan","1,332","76.8","80.0"
"2010","UHF 42","101","4","1","Bronx","Kingsbridge - Riverdale","Kingsbridge - Riverdale  Bronx","542","73.6","74.4"
"2010","UHF 42","409","4","4","Queens","Southeast Queens","Southeast Queens  Queens","1,093","71.6","73.5"
"2010","UHF 42","407","4","4","Queens","Southwest Queens","Southwest Queens  Queens","1,453","71.0","69.6"
"2010","UHF 42","201","4","2","Brooklyn","Greenpoint","Greenpoint  Brooklyn","600","57.9","68.2"
"2010","UHF 42","310","4","3","Manhattan","Lower Manhattan","Lower Manhattan  Manhattan","269","57.9","67.6"
"2010","UHF 42","401","4","4","Queens","Long Island City - Astoria","Long Island City - Astoria  Queens","1,018","56.3","60.1"
"2010","UHF 42","304","4","3","Manhattan","Upper West Side","Upper West Side  Manhattan","1,104","58.9","59.3"
"2010","UHF 42","306","4","3","Manhattan","Chelsea - Clinton","Chelsea - Clinton  Manhattan","681","49.9","53.7"
"2010","UHF 42","210","4","2","Brooklyn","Coney Island - Sheepshead Bay","Coney Island - Sheepshead Bay  Brooklyn","1,201","50.2","51.4"
"2010","UHF 42","307","4","3","Manhattan","Gramercy Park - Murray Hill","Gramercy Park - Murray Hill  Manhattan","520","42.1","49.4"
"2010","UHF 42","503","4","5","Staten Island","Willowbrook","Willowbrook  Staten Island","315","46.9","49.2"
"2010","UHF 42","406","4","4","Queens","Fresh Meadows","Fresh Meadows  Queens","327","42.9","43.7"
"2010","UHF 42","405","4","4","Queens","Ridgewood - Forest Hills","Ridgewood - Forest Hills  Queens","789","39.6","39.9"
"2010","UHF 42","504","4","5","Staten Island","South Beach - Tottenville","South Beach - Tottenville  Staten Island","556","37.7","38.6"
"2010","UHF 42","402","4","4","Queens","West Queens","West Queens  Queens","1,387","35.8","36.4"
"2010","UHF 42","206","4","2","Brooklyn","Borough Park","Borough Park  Brooklyn","693","28.6","28.9"
"2010","UHF 42","209","4","2","Brooklyn","Bensonhurst - Bay Ridge","Bensonhurst - Bay Ridge  Brooklyn","470","27.2","27.5"
"2010","UHF 42","403","4","4","Queens","Flushing - Clearview","Flushing - Clearview  Queens","529","24.5","23.9"
"2010","UHF 42","305","4","3","Manhattan","Upper East Side","Upper East Side  Manhattan","397","21.1","21.9"
"2010","UHF 42","404","4","4","Queens","Bayside - Little Neck","Bayside - Little Neck  Queens","129","18.0","18.3"
"2010","UHF 42","308","4","3","Manhattan","Greenwich Village - SoHo","Greenwich Village - SoHo  Manhattan","117","15.8","16.7"